Index;Obj.Type;Object Id;Obj.Name;Value;Description;Datum;Uhrzeit
AV-0;AnalogValue;0;System Time Year ;2022;;06.12.2022;14:25:29
AV-1;AnalogValue;1;System Time Month ;12;;06.12.2022;14:25:29
AV-2;AnalogValue;2;System Time Date ;6;;06.12.2022;14:25:29
AV-3;AnalogValue;3;System Time Hour ;14;;06.12.2022;14:25:29
AV-4;AnalogValue;4;System Time Minute ;25;;06.12.2022;14:25:29
AV-5;AnalogValue;5;System Time Second ;35;;06.12.2022;14:25:29
AV-100;AnalogValue;100;AHU Min Supply Fan Speed ;0;;06.12.2022;14:25:29
AV-101;AnalogValue;101;AHU Max Supply Fan Speed ;100;;06.12.2022;14:25:29
AV-102;AnalogValue;102;AHU Min Extract Fan Speed ;0;;06.12.2022;14:25:29
AV-103;AnalogValue;103;AHU Max Extract Fan Speed ;100;;06.12.2022;14:25:29
AV-104;AnalogValue;104;Minimum Supply Air Temperature ;15;;06.12.2022;14:25:29
AV-105;AnalogValue;105;Highest Allowed Cooling Water Temp ;15;;06.12.2022;14:25:29
AV-106;AnalogValue;106;Lowest Allowed Heating Water Temp ;25;;06.12.2022;14:25:29
AV-107;AnalogValue;107;Winter Start Temperature ;-10;;06.12.2022;14:25:29
AV-108;AnalogValue;108;Winter Max Temperature ;-30;;06.12.2022;14:25:29
AV-109;AnalogValue;109;Winter Temp Diff ;0;;06.12.2022;14:25:29
AV-110;AnalogValue;110;Summer Start Temperature ;20;;06.12.2022;14:25:29
AV-111;AnalogValue;111;Summer Max Temperature ;40;;06.12.2022;14:25:29
AV-112;AnalogValue;112;Summer Temp Diff ;10;;06.12.2022;14:25:29
AV-113;AnalogValue;113;Max Supply Pressure ;1000;;06.12.2022;14:25:29
AV-114;AnalogValue;114;Max Extract Pressure ;1000;;06.12.2022;14:25:29
AV-1001;AnalogValue;1001;ZoneModule 1 Room Temperature Setpoint ;21;;06.12.2022;14:25:29
AV-1002;AnalogValue;1002;ZoneModule 1 Minimum Supply Temperature ;15;;06.12.2022;14:25:29
AV-1003;AnalogValue;1003;ZoneModule 1 Maximum Supply Temperature ;40;;06.12.2022;14:25:29
AV-1004;AnalogValue;1004;ZoneModule 1 Room CO2 Setpoint ;800;;06.12.2022;14:25:29
AV-1005;AnalogValue;1005;ZoneModule 1 Room RH Setpoint ;70;;06.12.2022;14:25:29
AV-1006;AnalogValue;1006;ZoneModule 1 VAV Supply PIR Min. Air Flow ;20;;06.12.2022;14:25:29
AV-1007;AnalogValue;1007;ZoneModule 1 VAV Supply 1 Min. Air Flow ;50;;06.12.2022;14:25:29
AV-1008;AnalogValue;1008;ZoneModule 1 VAV Supply 1 Max. Air Flow ;175;;06.12.2022;14:25:29
AV-1009;AnalogValue;1009;ZoneModule 1 VAV Supply 2 Min. Air Flow ;10;;06.12.2022;14:25:29
AV-1010;AnalogValue;1010;ZoneModule 1 VAV Supply 2 Max. Air Flow ;100;;06.12.2022;14:25:29
AV-1011;AnalogValue;1011;ZoneModule 1 VAV Extract Min. Air Flow ;50;;06.12.2022;14:25:29
AV-1012;AnalogValue;1012;ZoneModule 1 VAV Extract Max. Air Flow ;175;;06.12.2022;14:25:29
AV-1013;AnalogValue;1013;ZoneModule 1 VAV Supply 1 Nominal Air Flow ;270;;06.12.2022;14:25:29
AV-1014;AnalogValue;1014;ZoneModule 1 VAV Supply 2 Nominal Air Flow ;100;;06.12.2022;14:25:29
AV-1015;AnalogValue;1015;ZoneModule 1 VAV Extract Nominal Air Flow ;270;;06.12.2022;14:25:29
AV-1016;AnalogValue;1016;ZoneModule 1 Room Panel Low Air Flow ;20;;06.12.2022;14:25:29
AV-1017;AnalogValue;1017;ZoneModule 1 Room Panel High Air Flow ;90;;06.12.2022;14:25:29
AV-1018;AnalogValue;1018;ZoneModule 1 Room Panel Override Timeout ;60;;06.12.2022;14:25:29
AV-1019;AnalogValue;1019;ZoneModule 1 Heat Valve Max. Flow ;198;;06.12.2022;14:25:29
AV-1020;AnalogValue;1020;ZoneModule 1 Cool Valve Max. Flow ;252;;06.12.2022;14:25:29
AV-1021;AnalogValue;1021;ZoneModule 1 Operation Mode from BMS ;0;;06.12.2022;14:25:29
AV-1101;AnalogValue;1101;ZoneModule 2 Room Temperature Setpoint ;21;;06.12.2022;14:25:29
AV-1102;AnalogValue;1102;ZoneModule 2 Minimum Supply Temperature ;15;;06.12.2022;14:25:29
AV-1103;AnalogValue;1103;ZoneModule 2 Maximum Supply Temperature ;40;;06.12.2022;14:25:29
AV-1104;AnalogValue;1104;ZoneModule 2 Room CO2 Setpoint ;800;;06.12.2022;14:25:29
AV-1105;AnalogValue;1105;ZoneModule 2 Room RH Setpoint ;70;;06.12.2022;14:25:29
AV-1106;AnalogValue;1106;ZoneModule 2 VAV Supply PIR Min. Air Flow ;20;;06.12.2022;14:25:29
AV-1107;AnalogValue;1107;ZoneModule 2 VAV Supply 1 Min. Air Flow ;50;;06.12.2022;14:25:29
AV-1108;AnalogValue;1108;ZoneModule 2 VAV Supply 1 Max. Air Flow ;175;;06.12.2022;14:25:29
AV-1109;AnalogValue;1109;ZoneModule 2 VAV Supply 2 Min. Air Flow ;10;;06.12.2022;14:25:29
AV-1110;AnalogValue;1110;ZoneModule 2 VAV Supply 2 Max. Air Flow ;100;;06.12.2022;14:25:29
AV-1111;AnalogValue;1111;ZoneModule 2 VAV Extract Min. Air Flow ;50;;06.12.2022;14:25:29
AV-1112;AnalogValue;1112;ZoneModule 2 VAV Extract Max. Air Flow ;175;;06.12.2022;14:25:29
AV-1113;AnalogValue;1113;ZoneModule 2 VAV Supply 1 Nominal Air Flow ;270;;06.12.2022;14:25:29
AV-1114;AnalogValue;1114;ZoneModule 2 VAV Supply 2 Nominal Air Flow ;100;;06.12.2022;14:25:29
AV-1115;AnalogValue;1115;ZoneModule 2 VAV Extract Nominal Air Flow ;270;;06.12.2022;14:25:29
AV-1116;AnalogValue;1116;ZoneModule 2 Room Panel Low Air Flow ;20;;06.12.2022;14:25:29
AV-1117;AnalogValue;1117;ZoneModule 2 Room Panel High Air Flow ;90;;06.12.2022;14:25:29
AV-1118;AnalogValue;1118;ZoneModule 2 Room Panel Override Timeout ;60;;06.12.2022;14:25:29
AV-1119;AnalogValue;1119;ZoneModule 2 Heat Valve Max. Flow ;198;;06.12.2022;14:25:29
AV-1120;AnalogValue;1120;ZoneModule 2 Cool Valve Max. Flow ;252;;06.12.2022;14:25:29
AV-1121;AnalogValue;1121;ZoneModule 2 Operation Mode from BMS ;0;;06.12.2022;14:25:29
AV-1201;AnalogValue;1201;ZoneModule 3 Room Temperature Setpoint ;21;;06.12.2022;14:25:29
AV-1202;AnalogValue;1202;ZoneModule 3 Minimum Supply Temperature ;15;;06.12.2022;14:25:29
AV-1203;AnalogValue;1203;ZoneModule 3 Maximum Supply Temperature ;40;;06.12.2022;14:25:29
AV-1204;AnalogValue;1204;ZoneModule 3 Room CO2 Setpoint ;800;;06.12.2022;14:25:29
AV-1205;AnalogValue;1205;ZoneModule 3 Room RH Setpoint ;70;;06.12.2022;14:25:29
AV-1206;AnalogValue;1206;ZoneModule 3 VAV Supply PIR Min. Air Flow ;20;;06.12.2022;14:25:29
AV-1207;AnalogValue;1207;ZoneModule 3 VAV Supply 1 Min. Air Flow ;50;;06.12.2022;14:25:29
AV-1208;AnalogValue;1208;ZoneModule 3 VAV Supply 1 Max. Air Flow ;175;;06.12.2022;14:25:29
AV-1209;AnalogValue;1209;ZoneModule 3 VAV Supply 2 Min. Air Flow ;10;;06.12.2022;14:25:29
AV-1210;AnalogValue;1210;ZoneModule 3 VAV Supply 2 Max. Air Flow ;100;;06.12.2022;14:25:29
AV-1211;AnalogValue;1211;ZoneModule 3 VAV Extract Min. Air Flow ;50;;06.12.2022;14:25:29
AV-1212;AnalogValue;1212;ZoneModule 3 VAV Extract Max. Air Flow ;175;;06.12.2022;14:25:29
AV-1213;AnalogValue;1213;ZoneModule 3 VAV Supply 1 Nominal Air Flow ;270;;06.12.2022;14:25:29
AV-1214;AnalogValue;1214;ZoneModule 3 VAV Supply 2 Nominal Air Flow ;100;;06.12.2022;14:25:29
AV-1215;AnalogValue;1215;ZoneModule 3 VAV Extract Nominal Air Flow ;100;;06.12.2022;14:25:29
AV-1216;AnalogValue;1216;ZoneModule 3 Room Panel Low Air Flow ;20;;06.12.2022;14:25:29
AV-1217;AnalogValue;1217;ZoneModule 3 Room Panel High Air Flow ;90;;06.12.2022;14:25:29
AV-1218;AnalogValue;1218;ZoneModule 3 Room Panel Override Timeout ;60;;06.12.2022;14:25:29
AV-1219;AnalogValue;1219;ZoneModule 3 Heat Valve Max. Flow ;198;;06.12.2022;14:25:29
AV-1220;AnalogValue;1220;ZoneModule 3 Cool Valve Max. Flow ;252;;06.12.2022;14:25:29
AV-1221;AnalogValue;1221;ZoneModule 3 Operation Mode from BMS ;0;;06.12.2022;14:25:29
AV-1301;AnalogValue;1301;ZoneModule 4 Room Temperature Setpoint ;21;;06.12.2022;14:25:29
AV-1302;AnalogValue;1302;ZoneModule 4 Minimum Supply Temperature ;15;;06.12.2022;14:25:29
AV-1303;AnalogValue;1303;ZoneModule 4 Maximum Supply Temperature ;40;;06.12.2022;14:25:29
AV-1304;AnalogValue;1304;ZoneModule 4 Room CO2 Setpoint ;800;;06.12.2022;14:25:29
AV-1305;AnalogValue;1305;ZoneModule 4 Room RH Setpoint ;70;;06.12.2022;14:25:29
AV-1306;AnalogValue;1306;ZoneModule 4 VAV Supply PIR Min. Air Flow ;20;;06.12.2022;14:25:29
AV-1307;AnalogValue;1307;ZoneModule 4 VAV Supply 1 Min. Air Flow ;50;;06.12.2022;14:25:29
AV-1308;AnalogValue;1308;ZoneModule 4 VAV Supply 1 Max. Air Flow ;175;;06.12.2022;14:25:29
AV-1309;AnalogValue;1309;ZoneModule 4 VAV Supply 2 Min. Air Flow ;10;;06.12.2022;14:25:29
AV-1310;AnalogValue;1310;ZoneModule 4 VAV Supply 2 Max. Air Flow ;100;;06.12.2022;14:25:29
AV-1311;AnalogValue;1311;ZoneModule 4 VAV Extract Min. Air Flow ;50;;06.12.2022;14:25:29
AV-1312;AnalogValue;1312;ZoneModule 4 VAV Extract Max. Air Flow ;175;;06.12.2022;14:25:29
AV-1313;AnalogValue;1313;ZoneModule 4 VAV Supply 1 Nominal Air Flow ;270;;06.12.2022;14:25:29
AV-1314;AnalogValue;1314;ZoneModule 4 VAV Supply 2 Nominal Air Flow ;100;;06.12.2022;14:25:29
AV-1315;AnalogValue;1315;ZoneModule 4 VAV Extract Nominal Air Flow ;270;;06.12.2022;14:25:29
AV-1316;AnalogValue;1316;ZoneModule 4 Room Panel Low Air Flow ;20;;06.12.2022;14:25:29
AV-1317;AnalogValue;1317;ZoneModule 4 Room Panel High Air Flow ;90;;06.12.2022;14:25:29
AV-1318;AnalogValue;1318;ZoneModule 4 Room Panel Override Timeout ;60;;06.12.2022;14:25:29
AV-1319;AnalogValue;1319;ZoneModule 4 Heat Valve Max. Flow ;198;;06.12.2022;14:25:29
AV-1320;AnalogValue;1320;ZoneModule 4 Cool Valve Max. Flow ;252;;06.12.2022;14:25:29
AV-1321;AnalogValue;1321;ZoneModule 4 Operation Mode from BMS ;0;;06.12.2022;14:25:29
AV-1401;AnalogValue;1401;ZoneModule 5 Room Temperature Setpoint ;21;;06.12.2022;14:25:29
AV-1402;AnalogValue;1402;ZoneModule 5 Minimum Supply Temperature ;15;;06.12.2022;14:25:29
AV-1403;AnalogValue;1403;ZoneModule 5 Maximum Supply Temperature ;40;;06.12.2022;14:25:29
AV-1404;AnalogValue;1404;ZoneModule 5 Room CO2 Setpoint ;800;;06.12.2022;14:25:29
AV-1405;AnalogValue;1405;ZoneModule 5 Room RH Setpoint ;70;;06.12.2022;14:25:29
AV-1406;AnalogValue;1406;ZoneModule 5 VAV Supply PIR Min. Air Flow ;20;;06.12.2022;14:25:29
AV-1407;AnalogValue;1407;ZoneModule 5 VAV Supply 1 Min. Air Flow ;50;;06.12.2022;14:25:29
AV-1408;AnalogValue;1408;ZoneModule 5 VAV Supply 1 Max. Air Flow ;175;;06.12.2022;14:25:29
AV-1409;AnalogValue;1409;ZoneModule 5 VAV Supply 2 Min. Air Flow ;10;;06.12.2022;14:25:29
AV-1410;AnalogValue;1410;ZoneModule 5 VAV Supply 2 Max. Air Flow ;100;;06.12.2022;14:25:29
AV-1411;AnalogValue;1411;ZoneModule 5 VAV Extract Min. Air Flow ;50;;06.12.2022;14:25:29
AV-1412;AnalogValue;1412;ZoneModule 5 VAV Extract Max. Air Flow ;175;;06.12.2022;14:25:29
AV-1413;AnalogValue;1413;ZoneModule 5 VAV Supply 1 Nominal Air Flow ;270;;06.12.2022;14:25:29
AV-1414;AnalogValue;1414;ZoneModule 5 VAV Supply 2 Nominal Air Flow ;100;;06.12.2022;14:25:29
AV-1415;AnalogValue;1415;ZoneModule 5 VAV Extract Nominal Air Flow ;270;;06.12.2022;14:25:29
AV-1416;AnalogValue;1416;ZoneModule 5 Room Panel Low Air Flow ;20;;06.12.2022;14:25:29
AV-1417;AnalogValue;1417;ZoneModule 5 Room Panel High Air Flow ;90;;06.12.2022;14:25:29
AV-1418;AnalogValue;1418;ZoneModule 5 Room Panel Override Timeout ;60;;06.12.2022;14:25:29
AV-1419;AnalogValue;1419;ZoneModule 5 Heat Valve Max. Flow ;198;;06.12.2022;14:25:29
AV-1420;AnalogValue;1420;ZoneModule 5 Cool Valve Max. Flow ;252;;06.12.2022;14:25:29
AV-1421;AnalogValue;1421;ZoneModule 5 Operation Mode from BMS ;0;;06.12.2022;14:25:29
AV-1501;AnalogValue;1501;ZoneModule 6 Room Temperature Setpoint ;21;;06.12.2022;14:25:29
AV-1502;AnalogValue;1502;ZoneModule 6 Minimum Supply Temperature ;15;;06.12.2022;14:25:29
AV-1503;AnalogValue;1503;ZoneModule 6 Maximum Supply Temperature ;40;;06.12.2022;14:25:29
AV-1504;AnalogValue;1504;ZoneModule 6 Room CO2 Setpoint ;800;;06.12.2022;14:25:29
AV-1505;AnalogValue;1505;ZoneModule 6 Room RH Setpoint ;70;;06.12.2022;14:25:29
AV-1506;AnalogValue;1506;ZoneModule 6 VAV Supply PIR Min. Air Flow ;20;;06.12.2022;14:25:29
AV-1507;AnalogValue;1507;ZoneModule 6 VAV Supply 1 Min. Air Flow ;50;;06.12.2022;14:25:29
AV-1508;AnalogValue;1508;ZoneModule 6 VAV Supply 1 Max. Air Flow ;175;;06.12.2022;14:25:29
AV-1509;AnalogValue;1509;ZoneModule 6 VAV Supply 2 Min. Air Flow ;10;;06.12.2022;14:25:29
AV-1510;AnalogValue;1510;ZoneModule 6 VAV Supply 2 Max. Air Flow ;100;;06.12.2022;14:25:29
AV-1511;AnalogValue;1511;ZoneModule 6 VAV Extract Min. Air Flow ;50;;06.12.2022;14:25:29
AV-1512;AnalogValue;1512;ZoneModule 6 VAV Extract Max. Air Flow ;175;;06.12.2022;14:25:29
AV-1513;AnalogValue;1513;ZoneModule 6 VAV Supply 1 Nominal Air Flow ;270;;06.12.2022;14:25:29
AV-1514;AnalogValue;1514;ZoneModule 6 VAV Supply 2 Nominal Air Flow ;100;;06.12.2022;14:25:29
AV-1515;AnalogValue;1515;ZoneModule 6 VAV Extract Nominal Air Flow ;270;;06.12.2022;14:25:29
AV-1516;AnalogValue;1516;ZoneModule 6 Room Panel Low Air Flow ;20;;06.12.2022;14:25:29
AV-1517;AnalogValue;1517;ZoneModule 6 Room Panel High Air Flow ;90;;06.12.2022;14:25:29
AV-1518;AnalogValue;1518;ZoneModule 6 Room Panel Override Timeout ;60;;06.12.2022;14:25:29
AV-1519;AnalogValue;1519;ZoneModule 6 Heat Valve Max. Flow ;198;;06.12.2022;14:25:29
AV-1520;AnalogValue;1520;ZoneModule 6 Cool Valve Max. Flow ;252;;06.12.2022;14:25:29
AV-1521;AnalogValue;1521;ZoneModule 6 Operation Mode from BMS ;0;;06.12.2022;14:25:29
AV-1601;AnalogValue;1601;ZoneModule 7 Room Temperature Setpoint ;21;;06.12.2022;14:25:29
AV-1602;AnalogValue;1602;ZoneModule 7 Minimum Supply Temperature ;15;;06.12.2022;14:25:29
AV-1603;AnalogValue;1603;ZoneModule 7 Maximum Supply Temperature ;40;;06.12.2022;14:25:29
AV-1604;AnalogValue;1604;ZoneModule 7 Room CO2 Setpoint ;800;;06.12.2022;14:25:29
AV-1605;AnalogValue;1605;ZoneModule 7 Room RH Setpoint ;70;;06.12.2022;14:25:29
AV-1606;AnalogValue;1606;ZoneModule 7 VAV Supply PIR Min. Air Flow ;20;;06.12.2022;14:25:29
AV-1607;AnalogValue;1607;ZoneModule 7 VAV Supply 1 Min. Air Flow ;50;;06.12.2022;14:25:29
AV-1608;AnalogValue;1608;ZoneModule 7 VAV Supply 1 Max. Air Flow ;175;;06.12.2022;14:25:29
AV-1609;AnalogValue;1609;ZoneModule 7 VAV Supply 2 Min. Air Flow ;10;;06.12.2022;14:25:29
AV-1610;AnalogValue;1610;ZoneModule 7 VAV Supply 2 Max. Air Flow ;100;;06.12.2022;14:25:29
AV-1611;AnalogValue;1611;ZoneModule 7 VAV Extract Min. Air Flow ;50;;06.12.2022;14:25:29
AV-1612;AnalogValue;1612;ZoneModule 7 VAV Extract Max. Air Flow ;175;;06.12.2022;14:25:29
AV-1613;AnalogValue;1613;ZoneModule 7 VAV Supply 1 Nominal Air Flow ;270;;06.12.2022;14:25:29
AV-1614;AnalogValue;1614;ZoneModule 7 VAV Supply 2 Nominal Air Flow ;100;;06.12.2022;14:25:29
AV-1615;AnalogValue;1615;ZoneModule 7 VAV Extract Nominal Air Flow ;270;;06.12.2022;14:25:29
AV-1616;AnalogValue;1616;ZoneModule 7 Room Panel Low Air Flow ;20;;06.12.2022;14:25:29
AV-1617;AnalogValue;1617;ZoneModule 7 Room Panel High Air Flow ;90;;06.12.2022;14:25:29
AV-1618;AnalogValue;1618;ZoneModule 7 Room Panel Override Timeout ;60;;06.12.2022;14:25:29
AV-1619;AnalogValue;1619;ZoneModule 7 Heat Valve Max. Flow ;198;;06.12.2022;14:25:29
AV-1620;AnalogValue;1620;ZoneModule 7 Cool Valve Max. Flow ;252;;06.12.2022;14:25:29
AV-1621;AnalogValue;1621;ZoneModule 7 Operation Mode from BMS ;0;;06.12.2022;14:25:29
AV-1701;AnalogValue;1701;ZoneModule 8 Room Temperature Setpoint ;21;;06.12.2022;14:25:29
AV-1702;AnalogValue;1702;ZoneModule 8 Minimum Supply Temperature ;15;;06.12.2022;14:25:29
AV-1703;AnalogValue;1703;ZoneModule 8 Maximum Supply Temperature ;40;;06.12.2022;14:25:29
AV-1704;AnalogValue;1704;ZoneModule 8 Room CO2 Setpoint ;800;;06.12.2022;14:25:29
AV-1705;AnalogValue;1705;ZoneModule 8 Room RH Setpoint ;70;;06.12.2022;14:25:29
AV-1706;AnalogValue;1706;ZoneModule 8 VAV Supply PIR Min. Air Flow ;20;;06.12.2022;14:25:29
AV-1707;AnalogValue;1707;ZoneModule 8 VAV Supply 1 Min. Air Flow ;50;;06.12.2022;14:25:29
AV-1708;AnalogValue;1708;ZoneModule 8 VAV Supply 1 Max. Air Flow ;175;;06.12.2022;14:25:29
AV-1709;AnalogValue;1709;ZoneModule 8 VAV Supply 2 Min. Air Flow ;10;;06.12.2022;14:25:29
AV-1710;AnalogValue;1710;ZoneModule 8 VAV Supply 2 Max. Air Flow ;100;;06.12.2022;14:25:29
AV-1711;AnalogValue;1711;ZoneModule 8 VAV Extract Min. Air Flow ;50;;06.12.2022;14:25:29
AV-1712;AnalogValue;1712;ZoneModule 8 VAV Extract Max. Air Flow ;175;;06.12.2022;14:25:29
AV-1713;AnalogValue;1713;ZoneModule 8 VAV Supply 1 Nominal Air Flow ;270;;06.12.2022;14:25:29
AV-1714;AnalogValue;1714;ZoneModule 8 VAV Supply 2 Nominal Air Flow ;100;;06.12.2022;14:25:29
AV-1715;AnalogValue;1715;ZoneModule 8 VAV Extract Nominal Air Flow ;100;;06.12.2022;14:25:29
AV-1716;AnalogValue;1716;ZoneModule 8 Room Panel Low Air Flow ;20;;06.12.2022;14:25:29
AV-1717;AnalogValue;1717;ZoneModule 8 Room Panel High Air Flow ;90;;06.12.2022;14:25:29
AV-1718;AnalogValue;1718;ZoneModule 8 Room Panel Override Timeout ;60;;06.12.2022;14:25:29
AV-1719;AnalogValue;1719;ZoneModule 8 Heat Valve Max. Flow ;198;;06.12.2022;14:25:29
AV-1720;AnalogValue;1720;ZoneModule 8 Cool Valve Max. Flow ;252;;06.12.2022;14:25:29
AV-1721;AnalogValue;1721;ZoneModule 8 Operation Mode from BMS ;0;;06.12.2022;14:25:29
AV-1801;AnalogValue;1801;ZoneModule 9 Room Temperature Setpoint ;21;;06.12.2022;14:25:29
AV-1802;AnalogValue;1802;ZoneModule 9 Minimum Supply Temperature ;15;;06.12.2022;14:25:29
AV-1803;AnalogValue;1803;ZoneModule 9 Maximum Supply Temperature ;40;;06.12.2022;14:25:29
AV-1804;AnalogValue;1804;ZoneModule 9 Room CO2 Setpoint ;800;;06.12.2022;14:25:29
AV-1805;AnalogValue;1805;ZoneModule 9 Room RH Setpoint ;70;;06.12.2022;14:25:29
AV-1806;AnalogValue;1806;ZoneModule 9 VAV Supply PIR Min. Air Flow ;20;;06.12.2022;14:25:29
AV-1807;AnalogValue;1807;ZoneModule 9 VAV Supply 1 Min. Air Flow ;50;;06.12.2022;14:25:29
AV-1808;AnalogValue;1808;ZoneModule 9 VAV Supply 1 Max. Air Flow ;175;;06.12.2022;14:25:29
AV-1809;AnalogValue;1809;ZoneModule 9 VAV Supply 2 Min. Air Flow ;10;;06.12.2022;14:25:29
AV-1810;AnalogValue;1810;ZoneModule 9 VAV Supply 2 Max. Air Flow ;100;;06.12.2022;14:25:29
AV-1811;AnalogValue;1811;ZoneModule 9 VAV Extract Min. Air Flow ;50;;06.12.2022;14:25:29
AV-1812;AnalogValue;1812;ZoneModule 9 VAV Extract Max. Air Flow ;175;;06.12.2022;14:25:29
AV-1813;AnalogValue;1813;ZoneModule 9 VAV Supply 1 Nominal Air Flow ;270;;06.12.2022;14:25:29
AV-1814;AnalogValue;1814;ZoneModule 9 VAV Supply 2 Nominal Air Flow ;100;;06.12.2022;14:25:29
AV-1815;AnalogValue;1815;ZoneModule 9 VAV Extract Nominal Air Flow ;270;;06.12.2022;14:25:29
AV-1816;AnalogValue;1816;ZoneModule 9 Room Panel Low Air Flow ;20;;06.12.2022;14:25:29
AV-1817;AnalogValue;1817;ZoneModule 9 Room Panel High Air Flow ;90;;06.12.2022;14:25:29
AV-1818;AnalogValue;1818;ZoneModule 9 Room Panel Override Timeout ;60;;06.12.2022;14:25:29
AV-1819;AnalogValue;1819;ZoneModule 9 Heat Valve Max. Flow ;198;;06.12.2022;14:25:29
AV-1820;AnalogValue;1820;ZoneModule 9 Cool Valve Max. Flow ;252;;06.12.2022;14:25:29
AV-1821;AnalogValue;1821;ZoneModule 9 Operation Mode from BMS ;0;;06.12.2022;14:25:29
AV-1901;AnalogValue;1901;ZoneModule 10 Room Temperature Setpoint ;21;;06.12.2022;14:25:29
AV-1902;AnalogValue;1902;ZoneModule 10 Minimum Supply Temperature ;15;;06.12.2022;14:25:29
AV-1903;AnalogValue;1903;ZoneModule 10 Maximum Supply Temperature ;40;;06.12.2022;14:25:29
AV-1904;AnalogValue;1904;ZoneModule 10 Room CO2 Setpoint ;800;;06.12.2022;14:25:29
AV-1905;AnalogValue;1905;ZoneModule 10 Room RH Setpoint ;70;;06.12.2022;14:25:29
AV-1906;AnalogValue;1906;ZoneModule 10 VAV Supply PIR Min. Air Flow ;20;;06.12.2022;14:25:29
AV-1907;AnalogValue;1907;ZoneModule 10 VAV Supply 1 Min. Air Flow ;50;;06.12.2022;14:25:29
AV-1908;AnalogValue;1908;ZoneModule 10 VAV Supply 1 Max. Air Flow ;175;;06.12.2022;14:25:29
AV-1909;AnalogValue;1909;ZoneModule 10 VAV Supply 2 Min. Air Flow ;10;;06.12.2022;14:25:29
AV-1910;AnalogValue;1910;ZoneModule 10 VAV Supply 2 Max. Air Flow ;100;;06.12.2022;14:25:29
AV-1911;AnalogValue;1911;ZoneModule 10 VAV Extract Min. Air Flow ;50;;06.12.2022;14:25:29
AV-1912;AnalogValue;1912;ZoneModule 10 VAV Extract Max. Air Flow ;175;;06.12.2022;14:25:29
AV-1913;AnalogValue;1913;ZoneModule 10 VAV Supply 1 Nominal Air Flow ;270;;06.12.2022;14:25:29
AV-1914;AnalogValue;1914;ZoneModule 10 VAV Supply 2 Nominal Air Flow ;100;;06.12.2022;14:25:29
AV-1915;AnalogValue;1915;ZoneModule 10 VAV Extract Nominal Air Flow ;270;;06.12.2022;14:25:29
AV-1916;AnalogValue;1916;ZoneModule 10 Room Panel Low Air Flow ;20;;06.12.2022;14:25:29
AV-1917;AnalogValue;1917;ZoneModule 10 Room Panel High Air Flow ;90;;06.12.2022;14:25:29
AV-1918;AnalogValue;1918;ZoneModule 10 Room Panel Override Timeout ;60;;06.12.2022;14:25:29
AV-1919;AnalogValue;1919;ZoneModule 10 Heat Valve Max. Flow ;198;;06.12.2022;14:25:29
AV-1920;AnalogValue;1920;ZoneModule 10 Cool Valve Max. Flow ;252;;06.12.2022;14:25:29
AV-1921;AnalogValue;1921;ZoneModule 10 Operation Mode from BMS ;0;;06.12.2022;14:25:29
AV-2001;AnalogValue;2001;ZoneModule 11 Room Temperature Setpoint ;21;;06.12.2022;14:25:29
AV-2002;AnalogValue;2002;ZoneModule 11 Minimum Supply Temperature ;15;;06.12.2022;14:25:29
AV-2003;AnalogValue;2003;ZoneModule 11 Maximum Supply Temperature ;40;;06.12.2022;14:25:29
AV-2004;AnalogValue;2004;ZoneModule 11 Room CO2 Setpoint ;800;;06.12.2022;14:25:29
AV-2005;AnalogValue;2005;ZoneModule 11 Room RH Setpoint ;70;;06.12.2022;14:25:29
AV-2006;AnalogValue;2006;ZoneModule 11 VAV Supply PIR Min. Air Flow ;20;;06.12.2022;14:25:29
AV-2007;AnalogValue;2007;ZoneModule 11 VAV Supply 1 Min. Air Flow ;50;;06.12.2022;14:25:29
AV-2008;AnalogValue;2008;ZoneModule 11 VAV Supply 1 Max. Air Flow ;175;;06.12.2022;14:25:29
AV-2009;AnalogValue;2009;ZoneModule 11 VAV Supply 2 Min. Air Flow ;10;;06.12.2022;14:25:29
AV-2010;AnalogValue;2010;ZoneModule 11 VAV Supply 2 Max. Air Flow ;100;;06.12.2022;14:25:29
AV-2011;AnalogValue;2011;ZoneModule 11 VAV Extract Min. Air Flow ;50;;06.12.2022;14:25:29
AV-2012;AnalogValue;2012;ZoneModule 11 VAV Extract Max. Air Flow ;175;;06.12.2022;14:25:29
AV-2013;AnalogValue;2013;ZoneModule 11 VAV Supply 1 Nominal Air Flow ;270;;06.12.2022;14:25:29
AV-2014;AnalogValue;2014;ZoneModule 11 VAV Supply 2 Nominal Air Flow ;100;;06.12.2022;14:25:29
AV-2015;AnalogValue;2015;ZoneModule 11 VAV Extract Nominal Air Flow ;270;;06.12.2022;14:25:29
AV-2016;AnalogValue;2016;ZoneModule 11 Room Panel Low Air Flow ;20;;06.12.2022;14:25:29
AV-2017;AnalogValue;2017;ZoneModule 11 Room Panel High Air Flow ;90;;06.12.2022;14:25:29
AV-2018;AnalogValue;2018;ZoneModule 11 Room Panel Override Timeout ;60;;06.12.2022;14:25:29
AV-2019;AnalogValue;2019;ZoneModule 11 Heat Valve Max. Flow ;198;;06.12.2022;14:25:29
AV-2020;AnalogValue;2020;ZoneModule 11 Cool Valve Max. Flow ;252;;06.12.2022;14:25:29
AV-2021;AnalogValue;2021;ZoneModule 11 Operation Mode from BMS ;0;;06.12.2022;14:25:29
AV-2101;AnalogValue;2101;ZoneModule 12 Room Temperature Setpoint ;21;;06.12.2022;14:25:29
AV-2102;AnalogValue;2102;ZoneModule 12 Minimum Supply Temperature ;15;;06.12.2022;14:25:29
AV-2103;AnalogValue;2103;ZoneModule 12 Maximum Supply Temperature ;40;;06.12.2022;14:25:29
AV-2104;AnalogValue;2104;ZoneModule 12 Room CO2 Setpoint ;800;;06.12.2022;14:25:29
AV-2105;AnalogValue;2105;ZoneModule 12 Room RH Setpoint ;70;;06.12.2022;14:25:29
AV-2106;AnalogValue;2106;ZoneModule 12 VAV Supply PIR Min. Air Flow ;20;;06.12.2022;14:25:29
AV-2107;AnalogValue;2107;ZoneModule 12 VAV Supply 1 Min. Air Flow ;50;;06.12.2022;14:25:29
AV-2108;AnalogValue;2108;ZoneModule 12 VAV Supply 1 Max. Air Flow ;175;;06.12.2022;14:25:29
AV-2109;AnalogValue;2109;ZoneModule 12 VAV Supply 2 Min. Air Flow ;10;;06.12.2022;14:25:29
AV-2110;AnalogValue;2110;ZoneModule 12 VAV Supply 2 Max. Air Flow ;100;;06.12.2022;14:25:29
AV-2111;AnalogValue;2111;ZoneModule 12 VAV Extract Min. Air Flow ;50;;06.12.2022;14:25:29
AV-2112;AnalogValue;2112;ZoneModule 12 VAV Extract Max. Air Flow ;175;;06.12.2022;14:25:29
AV-2113;AnalogValue;2113;ZoneModule 12 VAV Supply 1 Nominal Air Flow ;270;;06.12.2022;14:25:29
AV-2114;AnalogValue;2114;ZoneModule 12 VAV Supply 2 Nominal Air Flow ;100;;06.12.2022;14:25:29
AV-2115;AnalogValue;2115;ZoneModule 12 VAV Extract Nominal Air Flow ;270;;06.12.2022;14:25:29
AV-2116;AnalogValue;2116;ZoneModule 12 Room Panel Low Air Flow ;20;;06.12.2022;14:25:29
AV-2117;AnalogValue;2117;ZoneModule 12 Room Panel High Air Flow ;90;;06.12.2022;14:25:29
AV-2118;AnalogValue;2118;ZoneModule 12 Room Panel Override Timeout ;60;;06.12.2022;14:25:29
AV-2119;AnalogValue;2119;ZoneModule 12 Heat Valve Max. Flow ;198;;06.12.2022;14:25:29
AV-2120;AnalogValue;2120;ZoneModule 12 Cool Valve Max. Flow ;252;;06.12.2022;14:25:29
AV-2121;AnalogValue;2121;ZoneModule 12 Operation Mode from BMS ;0;;06.12.2022;14:25:29
AV-2201;AnalogValue;2201;ZoneModule 13 Room Temperature Setpoint ;21;;06.12.2022;14:25:29
AV-2202;AnalogValue;2202;ZoneModule 13 Minimum Supply Temperature ;15;;06.12.2022;14:25:29
AV-2203;AnalogValue;2203;ZoneModule 13 Maximum Supply Temperature ;40;;06.12.2022;14:25:29
AV-2204;AnalogValue;2204;ZoneModule 13 Room CO2 Setpoint ;800;;06.12.2022;14:25:29
AV-2205;AnalogValue;2205;ZoneModule 13 Room RH Setpoint ;70;;06.12.2022;14:25:29
AV-2206;AnalogValue;2206;ZoneModule 13 VAV Supply PIR Min. Air Flow ;20;;06.12.2022;14:25:29
AV-2207;AnalogValue;2207;ZoneModule 13 VAV Supply 1 Min. Air Flow ;50;;06.12.2022;14:25:29
AV-2208;AnalogValue;2208;ZoneModule 13 VAV Supply 1 Max. Air Flow ;175;;06.12.2022;14:25:29
AV-2209;AnalogValue;2209;ZoneModule 13 VAV Supply 2 Min. Air Flow ;10;;06.12.2022;14:25:29
AV-2210;AnalogValue;2210;ZoneModule 13 VAV Supply 2 Max. Air Flow ;100;;06.12.2022;14:25:29
AV-2211;AnalogValue;2211;ZoneModule 13 VAV Extract Min. Air Flow ;50;;06.12.2022;14:25:29
AV-2212;AnalogValue;2212;ZoneModule 13 VAV Extract Max. Air Flow ;175;;06.12.2022;14:25:29
AV-2213;AnalogValue;2213;ZoneModule 13 VAV Supply 1 Nominal Air Flow ;270;;06.12.2022;14:25:29
AV-2214;AnalogValue;2214;ZoneModule 13 VAV Supply 2 Nominal Air Flow ;100;;06.12.2022;14:25:29
AV-2215;AnalogValue;2215;ZoneModule 13 VAV Extract Nominal Air Flow ;270;;06.12.2022;14:25:29
AV-2216;AnalogValue;2216;ZoneModule 13 Room Panel Low Air Flow ;20;;06.12.2022;14:25:29
AV-2217;AnalogValue;2217;ZoneModule 13 Room Panel High Air Flow ;90;;06.12.2022;14:25:29
AV-2218;AnalogValue;2218;ZoneModule 13 Room Panel Override Timeout ;60;;06.12.2022;14:25:29
AV-2219;AnalogValue;2219;ZoneModule 13 Heat Valve Max. Flow ;198;;06.12.2022;14:25:29
AV-2220;AnalogValue;2220;ZoneModule 13 Cool Valve Max. Flow ;252;;06.12.2022;14:25:29
AV-2221;AnalogValue;2221;ZoneModule 13 Operation Mode from BMS ;0;;06.12.2022;14:25:29
AV-2301;AnalogValue;2301;ZoneModule 14 Room Temperature Setpoint ;21;;06.12.2022;14:25:29
AV-2302;AnalogValue;2302;ZoneModule 14 Minimum Supply Temperature ;15;;06.12.2022;14:25:29
AV-2303;AnalogValue;2303;ZoneModule 14 Maximum Supply Temperature ;40;;06.12.2022;14:25:29
AV-2304;AnalogValue;2304;ZoneModule 14 Room CO2 Setpoint ;800;;06.12.2022;14:25:29
AV-2305;AnalogValue;2305;ZoneModule 14 Room RH Setpoint ;70;;06.12.2022;14:25:29
AV-2306;AnalogValue;2306;ZoneModule 14 VAV Supply PIR Min. Air Flow ;20;;06.12.2022;14:25:29
AV-2307;AnalogValue;2307;ZoneModule 14 VAV Supply 1 Min. Air Flow ;50;;06.12.2022;14:25:29
AV-2308;AnalogValue;2308;ZoneModule 14 VAV Supply 1 Max. Air Flow ;175;;06.12.2022;14:25:29
AV-2309;AnalogValue;2309;ZoneModule 14 VAV Supply 2 Min. Air Flow ;10;;06.12.2022;14:25:29
AV-2310;AnalogValue;2310;ZoneModule 14 VAV Supply 2 Max. Air Flow ;100;;06.12.2022;14:25:29
AV-2311;AnalogValue;2311;ZoneModule 14 VAV Extract Min. Air Flow ;50;;06.12.2022;14:25:29
AV-2312;AnalogValue;2312;ZoneModule 14 VAV Extract Max. Air Flow ;175;;06.12.2022;14:25:29
AV-2313;AnalogValue;2313;ZoneModule 14 VAV Supply 1 Nominal Air Flow ;270;;06.12.2022;14:25:29
AV-2314;AnalogValue;2314;ZoneModule 14 VAV Supply 2 Nominal Air Flow ;100;;06.12.2022;14:25:29
AV-2315;AnalogValue;2315;ZoneModule 14 VAV Extract Nominal Air Flow ;270;;06.12.2022;14:25:29
AV-2316;AnalogValue;2316;ZoneModule 14 Room Panel Low Air Flow ;20;;06.12.2022;14:25:29
AV-2317;AnalogValue;2317;ZoneModule 14 Room Panel High Air Flow ;90;;06.12.2022;14:25:29
AV-2318;AnalogValue;2318;ZoneModule 14 Room Panel Override Timeout ;60;;06.12.2022;14:25:29
AV-2319;AnalogValue;2319;ZoneModule 14 Heat Valve Max. Flow ;198;;06.12.2022;14:25:29
AV-2320;AnalogValue;2320;ZoneModule 14 Cool Valve Max. Flow ;252;;06.12.2022;14:25:29
AV-2321;AnalogValue;2321;ZoneModule 14 Operation Mode from BMS ;0;;06.12.2022;14:25:29
AV-2401;AnalogValue;2401;ZoneModule 15 Room Temperature Setpoint ;21;;06.12.2022;14:25:29
AV-2402;AnalogValue;2402;ZoneModule 15 Minimum Supply Temperature ;15;;06.12.2022;14:25:29
AV-2403;AnalogValue;2403;ZoneModule 15 Maximum Supply Temperature ;40;;06.12.2022;14:25:29
AV-2404;AnalogValue;2404;ZoneModule 15 Room CO2 Setpoint ;800;;06.12.2022;14:25:29
AV-2405;AnalogValue;2405;ZoneModule 15 Room RH Setpoint ;70;;06.12.2022;14:25:29
AV-2406;AnalogValue;2406;ZoneModule 15 VAV Supply PIR Min. Air Flow ;20;;06.12.2022;14:25:29
AV-2407;AnalogValue;2407;ZoneModule 15 VAV Supply 1 Min. Air Flow ;50;;06.12.2022;14:25:29
AV-2408;AnalogValue;2408;ZoneModule 15 VAV Supply 1 Max. Air Flow ;175;;06.12.2022;14:25:29
AV-2409;AnalogValue;2409;ZoneModule 15 VAV Supply 2 Min. Air Flow ;10;;06.12.2022;14:25:29
AV-2410;AnalogValue;2410;ZoneModule 15 VAV Supply 2 Max. Air Flow ;100;;06.12.2022;14:25:29
AV-2411;AnalogValue;2411;ZoneModule 15 VAV Extract Min. Air Flow ;50;;06.12.2022;14:25:29
AV-2412;AnalogValue;2412;ZoneModule 15 VAV Extract Max. Air Flow ;175;;06.12.2022;14:25:29
AV-2413;AnalogValue;2413;ZoneModule 15 VAV Supply 1 Nominal Air Flow ;270;;06.12.2022;14:25:29
AV-2414;AnalogValue;2414;ZoneModule 15 VAV Supply 2 Nominal Air Flow ;100;;06.12.2022;14:25:29
AV-2415;AnalogValue;2415;ZoneModule 15 VAV Extract Nominal Air Flow ;270;;06.12.2022;14:25:29
AV-2416;AnalogValue;2416;ZoneModule 15 Room Panel Low Air Flow ;20;;06.12.2022;14:25:29
AV-2417;AnalogValue;2417;ZoneModule 15 Room Panel High Air Flow ;90;;06.12.2022;14:25:29
AV-2418;AnalogValue;2418;ZoneModule 15 Room Panel Override Timeout ;60;;06.12.2022;14:25:29
AV-2419;AnalogValue;2419;ZoneModule 15 Heat Valve Max. Flow ;198;;06.12.2022;14:25:29
AV-2420;AnalogValue;2420;ZoneModule 15 Cool Valve Max. Flow ;252;;06.12.2022;14:25:29
AV-2421;AnalogValue;2421;ZoneModule 15 Operation Mode from BMS ;0;;06.12.2022;14:25:29
AV-2501;AnalogValue;2501;ZoneModule 16 Room Temperature Setpoint ;21;;06.12.2022;14:25:29
AV-2502;AnalogValue;2502;ZoneModule 16 Minimum Supply Temperature ;15;;06.12.2022;14:25:29
AV-2503;AnalogValue;2503;ZoneModule 16 Maximum Supply Temperature ;40;;06.12.2022;14:25:29
AV-2504;AnalogValue;2504;ZoneModule 16 Room CO2 Setpoint ;800;;06.12.2022;14:25:29
AV-2505;AnalogValue;2505;ZoneModule 16 Room RH Setpoint ;70;;06.12.2022;14:25:29
AV-2506;AnalogValue;2506;ZoneModule 16 VAV Supply PIR Min. Air Flow ;20;;06.12.2022;14:25:29
AV-2507;AnalogValue;2507;ZoneModule 16 VAV Supply 1 Min. Air Flow ;50;;06.12.2022;14:25:29
AV-2508;AnalogValue;2508;ZoneModule 16 VAV Supply 1 Max. Air Flow ;175;;06.12.2022;14:25:29
AV-2509;AnalogValue;2509;ZoneModule 16 VAV Supply 2 Min. Air Flow ;10;;06.12.2022;14:25:29
AV-2510;AnalogValue;2510;ZoneModule 16 VAV Supply 2 Max. Air Flow ;100;;06.12.2022;14:25:29
AV-2511;AnalogValue;2511;ZoneModule 16 VAV Extract Min. Air Flow ;50;;06.12.2022;14:25:29
AV-2512;AnalogValue;2512;ZoneModule 16 VAV Extract Max. Air Flow ;175;;06.12.2022;14:25:29
AV-2513;AnalogValue;2513;ZoneModule 16 VAV Supply 1 Nominal Air Flow ;270;;06.12.2022;14:25:29
AV-2514;AnalogValue;2514;ZoneModule 16 VAV Supply 2 Nominal Air Flow ;100;;06.12.2022;14:25:29
AV-2515;AnalogValue;2515;ZoneModule 16 VAV Extract Nominal Air Flow ;100;;06.12.2022;14:25:29
AV-2516;AnalogValue;2516;ZoneModule 16 Room Panel Low Air Flow ;20;;06.12.2022;14:25:29
AV-2517;AnalogValue;2517;ZoneModule 16 Room Panel High Air Flow ;90;;06.12.2022;14:25:29
AV-2518;AnalogValue;2518;ZoneModule 16 Room Panel Override Timeout ;60;;06.12.2022;14:25:29
AV-2519;AnalogValue;2519;ZoneModule 16 Heat Valve Max. Flow ;198;;06.12.2022;14:25:29
AV-2520;AnalogValue;2520;ZoneModule 16 Cool Valve Max. Flow ;252;;06.12.2022;14:25:29
AV-2521;AnalogValue;2521;ZoneModule 16 Operation Mode from BMS ;0;;06.12.2022;14:25:29
AV-2601;AnalogValue;2601;ZoneModule 17 Room Temperature Setpoint ;21;;06.12.2022;14:25:29
AV-2602;AnalogValue;2602;ZoneModule 17 Minimum Supply Temperature ;15;;06.12.2022;14:25:29
AV-2603;AnalogValue;2603;ZoneModule 17 Maximum Supply Temperature ;40;;06.12.2022;14:25:29
AV-2604;AnalogValue;2604;ZoneModule 17 Room CO2 Setpoint ;800;;06.12.2022;14:25:29
AV-2605;AnalogValue;2605;ZoneModule 17 Room RH Setpoint ;70;;06.12.2022;14:25:29
AV-2606;AnalogValue;2606;ZoneModule 17 VAV Supply PIR Min. Air Flow ;20;;06.12.2022;14:25:29
AV-2607;AnalogValue;2607;ZoneModule 17 VAV Supply 1 Min. Air Flow ;50;;06.12.2022;14:25:29
AV-2608;AnalogValue;2608;ZoneModule 17 VAV Supply 1 Max. Air Flow ;175;;06.12.2022;14:25:29
AV-2609;AnalogValue;2609;ZoneModule 17 VAV Supply 2 Min. Air Flow ;10;;06.12.2022;14:25:29
AV-2610;AnalogValue;2610;ZoneModule 17 VAV Supply 2 Max. Air Flow ;100;;06.12.2022;14:25:29
AV-2611;AnalogValue;2611;ZoneModule 17 VAV Extract Min. Air Flow ;50;;06.12.2022;14:25:29
AV-2612;AnalogValue;2612;ZoneModule 17 VAV Extract Max. Air Flow ;175;;06.12.2022;14:25:29
AV-2613;AnalogValue;2613;ZoneModule 17 VAV Supply 1 Nominal Air Flow ;270;;06.12.2022;14:25:29
AV-2614;AnalogValue;2614;ZoneModule 17 VAV Supply 2 Nominal Air Flow ;100;;06.12.2022;14:25:29
AV-2615;AnalogValue;2615;ZoneModule 17 VAV Extract Nominal Air Flow ;270;;06.12.2022;14:25:29
AV-2616;AnalogValue;2616;ZoneModule 17 Room Panel Low Air Flow ;20;;06.12.2022;14:25:29
AV-2617;AnalogValue;2617;ZoneModule 17 Room Panel High Air Flow ;90;;06.12.2022;14:25:29
AV-2618;AnalogValue;2618;ZoneModule 17 Room Panel Override Timeout ;60;;06.12.2022;14:25:29
AV-2619;AnalogValue;2619;ZoneModule 17 Heat Valve Max. Flow ;198;;06.12.2022;14:25:29
AV-2620;AnalogValue;2620;ZoneModule 17 Cool Valve Max. Flow ;252;;06.12.2022;14:25:29
AV-2621;AnalogValue;2621;ZoneModule 17 Operation Mode from BMS ;0;;06.12.2022;14:25:29
AV-2701;AnalogValue;2701;ZoneModule 18 Room Temperature Setpoint ;21;;06.12.2022;14:25:29
AV-2702;AnalogValue;2702;ZoneModule 18 Minimum Supply Temperature ;15;;06.12.2022;14:25:29
AV-2703;AnalogValue;2703;ZoneModule 18 Maximum Supply Temperature ;40;;06.12.2022;14:25:29
AV-2704;AnalogValue;2704;ZoneModule 18 Room CO2 Setpoint ;800;;06.12.2022;14:25:29
AV-2705;AnalogValue;2705;ZoneModule 18 Room RH Setpoint ;70;;06.12.2022;14:25:29
AV-2706;AnalogValue;2706;ZoneModule 18 VAV Supply PIR Min. Air Flow ;20;;06.12.2022;14:25:29
AV-2707;AnalogValue;2707;ZoneModule 18 VAV Supply 1 Min. Air Flow ;50;;06.12.2022;14:25:29
AV-2708;AnalogValue;2708;ZoneModule 18 VAV Supply 1 Max. Air Flow ;175;;06.12.2022;14:25:29
AV-2709;AnalogValue;2709;ZoneModule 18 VAV Supply 2 Min. Air Flow ;10;;06.12.2022;14:25:29
AV-2710;AnalogValue;2710;ZoneModule 18 VAV Supply 2 Max. Air Flow ;100;;06.12.2022;14:25:29
AV-2711;AnalogValue;2711;ZoneModule 18 VAV Extract Min. Air Flow ;50;;06.12.2022;14:25:29
AV-2712;AnalogValue;2712;ZoneModule 18 VAV Extract Max. Air Flow ;175;;06.12.2022;14:25:29
AV-2713;AnalogValue;2713;ZoneModule 18 VAV Supply 1 Nominal Air Flow ;270;;06.12.2022;14:25:29
AV-2714;AnalogValue;2714;ZoneModule 18 VAV Supply 2 Nominal Air Flow ;100;;06.12.2022;14:25:29
AV-2715;AnalogValue;2715;ZoneModule 18 VAV Extract Nominal Air Flow ;270;;06.12.2022;14:25:29
AV-2716;AnalogValue;2716;ZoneModule 18 Room Panel Low Air Flow ;20;;06.12.2022;14:25:29
AV-2717;AnalogValue;2717;ZoneModule 18 Room Panel High Air Flow ;90;;06.12.2022;14:25:29
AV-2718;AnalogValue;2718;ZoneModule 18 Room Panel Override Timeout ;60;;06.12.2022;14:25:29
AV-2719;AnalogValue;2719;ZoneModule 18 Heat Valve Max. Flow ;198;;06.12.2022;14:25:29
AV-2720;AnalogValue;2720;ZoneModule 18 Cool Valve Max. Flow ;252;;06.12.2022;14:25:29
AV-2721;AnalogValue;2721;ZoneModule 18 Operation Mode from BMS ;0;;06.12.2022;14:25:29
AV-2801;AnalogValue;2801;ZoneModule 19 Room Temperature Setpoint ;21;;06.12.2022;14:25:29
AV-2802;AnalogValue;2802;ZoneModule 19 Minimum Supply Temperature ;15;;06.12.2022;14:25:29
AV-2803;AnalogValue;2803;ZoneModule 19 Maximum Supply Temperature ;40;;06.12.2022;14:25:29
AV-2804;AnalogValue;2804;ZoneModule 19 Room CO2 Setpoint ;800;;06.12.2022;14:25:29
AV-2805;AnalogValue;2805;ZoneModule 19 Room RH Setpoint ;70;;06.12.2022;14:25:29
AV-2806;AnalogValue;2806;ZoneModule 19 VAV Supply PIR Min. Air Flow ;20;;06.12.2022;14:25:29
AV-2807;AnalogValue;2807;ZoneModule 19 VAV Supply 1 Min. Air Flow ;50;;06.12.2022;14:25:29
AV-2808;AnalogValue;2808;ZoneModule 19 VAV Supply 1 Max. Air Flow ;175;;06.12.2022;14:25:29
AV-2809;AnalogValue;2809;ZoneModule 19 VAV Supply 2 Min. Air Flow ;10;;06.12.2022;14:25:29
AV-2810;AnalogValue;2810;ZoneModule 19 VAV Supply 2 Max. Air Flow ;100;;06.12.2022;14:25:29
AV-2811;AnalogValue;2811;ZoneModule 19 VAV Extract Min. Air Flow ;50;;06.12.2022;14:25:29
AV-2812;AnalogValue;2812;ZoneModule 19 VAV Extract Max. Air Flow ;175;;06.12.2022;14:25:29
AV-2813;AnalogValue;2813;ZoneModule 19 VAV Supply 1 Nominal Air Flow ;270;;06.12.2022;14:25:29
AV-2814;AnalogValue;2814;ZoneModule 19 VAV Supply 2 Nominal Air Flow ;100;;06.12.2022;14:25:29
AV-2815;AnalogValue;2815;ZoneModule 19 VAV Extract Nominal Air Flow ;270;;06.12.2022;14:25:29
AV-2816;AnalogValue;2816;ZoneModule 19 Room Panel Low Air Flow ;20;;06.12.2022;14:25:29
AV-2817;AnalogValue;2817;ZoneModule 19 Room Panel High Air Flow ;90;;06.12.2022;14:25:29
AV-2818;AnalogValue;2818;ZoneModule 19 Room Panel Override Timeout ;60;;06.12.2022;14:25:29
AV-2819;AnalogValue;2819;ZoneModule 19 Heat Valve Max. Flow ;198;;06.12.2022;14:25:29
AV-2820;AnalogValue;2820;ZoneModule 19 Cool Valve Max. Flow ;252;;06.12.2022;14:25:29
AV-2821;AnalogValue;2821;ZoneModule 19 Operation Mode from BMS ;0;;06.12.2022;14:25:29
AV-2901;AnalogValue;2901;ZoneModule 20 Room Temperature Setpoint ;21;;06.12.2022;14:25:29
AV-2902;AnalogValue;2902;ZoneModule 20 Minimum Supply Temperature ;15;;06.12.2022;14:25:29
AV-2903;AnalogValue;2903;ZoneModule 20 Maximum Supply Temperature ;40;;06.12.2022;14:25:29
AV-2904;AnalogValue;2904;ZoneModule 20 Room CO2 Setpoint ;800;;06.12.2022;14:25:29
AV-2905;AnalogValue;2905;ZoneModule 20 Room RH Setpoint ;70;;06.12.2022;14:25:29
AV-2906;AnalogValue;2906;ZoneModule 20 VAV Supply PIR Min. Air Flow ;20;;06.12.2022;14:25:29
AV-2907;AnalogValue;2907;ZoneModule 20 VAV Supply 1 Min. Air Flow ;50;;06.12.2022;14:25:29
AV-2908;AnalogValue;2908;ZoneModule 20 VAV Supply 1 Max. Air Flow ;175;;06.12.2022;14:25:29
AV-2909;AnalogValue;2909;ZoneModule 20 VAV Supply 2 Min. Air Flow ;10;;06.12.2022;14:25:29
AV-2910;AnalogValue;2910;ZoneModule 20 VAV Supply 2 Max. Air Flow ;100;;06.12.2022;14:25:29
AV-2911;AnalogValue;2911;ZoneModule 20 VAV Extract Min. Air Flow ;50;;06.12.2022;14:25:29
AV-2912;AnalogValue;2912;ZoneModule 20 VAV Extract Max. Air Flow ;175;;06.12.2022;14:25:29
AV-2913;AnalogValue;2913;ZoneModule 20 VAV Supply 1 Nominal Air Flow ;270;;06.12.2022;14:25:29
AV-2914;AnalogValue;2914;ZoneModule 20 VAV Supply 2 Nominal Air Flow ;100;;06.12.2022;14:25:29
AV-2915;AnalogValue;2915;ZoneModule 20 VAV Extract Nominal Air Flow ;100;;06.12.2022;14:25:29
AV-2916;AnalogValue;2916;ZoneModule 20 Room Panel Low Air Flow ;20;;06.12.2022;14:25:29
AV-2917;AnalogValue;2917;ZoneModule 20 Room Panel High Air Flow ;90;;06.12.2022;14:25:29
AV-2918;AnalogValue;2918;ZoneModule 20 Room Panel Override Timeout ;60;;06.12.2022;14:25:29
AV-2919;AnalogValue;2919;ZoneModule 20 Heat Valve Max. Flow ;198;;06.12.2022;14:25:29
AV-2920;AnalogValue;2920;ZoneModule 20 Cool Valve Max. Flow ;252;;06.12.2022;14:25:29
AV-2921;AnalogValue;2921;ZoneModule 20 Operation Mode from BMS ;0;;06.12.2022;14:25:29
AV-3001;AnalogValue;3001;ZoneModule 21 Room Temperature Setpoint ;21;;06.12.2022;14:25:29
AV-3002;AnalogValue;3002;ZoneModule 21 Minimum Supply Temperature ;15;;06.12.2022;14:25:29
AV-3003;AnalogValue;3003;ZoneModule 21 Maximum Supply Temperature ;40;;06.12.2022;14:25:29
AV-3004;AnalogValue;3004;ZoneModule 21 Room CO2 Setpoint ;800;;06.12.2022;14:25:29
AV-3005;AnalogValue;3005;ZoneModule 21 Room RH Setpoint ;70;;06.12.2022;14:25:29
AV-3006;AnalogValue;3006;ZoneModule 21 VAV Supply PIR Min. Air Flow ;20;;06.12.2022;14:25:29
AV-3007;AnalogValue;3007;ZoneModule 21 VAV Supply 1 Min. Air Flow ;50;;06.12.2022;14:25:29
AV-3008;AnalogValue;3008;ZoneModule 21 VAV Supply 1 Max. Air Flow ;175;;06.12.2022;14:25:29
AV-3009;AnalogValue;3009;ZoneModule 21 VAV Supply 2 Min. Air Flow ;10;;06.12.2022;14:25:29
AV-3010;AnalogValue;3010;ZoneModule 21 VAV Supply 2 Max. Air Flow ;100;;06.12.2022;14:25:29
AV-3011;AnalogValue;3011;ZoneModule 21 VAV Extract Min. Air Flow ;50;;06.12.2022;14:25:29
AV-3012;AnalogValue;3012;ZoneModule 21 VAV Extract Max. Air Flow ;175;;06.12.2022;14:25:29
AV-3013;AnalogValue;3013;ZoneModule 21 VAV Supply 1 Nominal Air Flow ;270;;06.12.2022;14:25:29
AV-3014;AnalogValue;3014;ZoneModule 21 VAV Supply 2 Nominal Air Flow ;100;;06.12.2022;14:25:29
AV-3015;AnalogValue;3015;ZoneModule 21 VAV Extract Nominal Air Flow ;100;;06.12.2022;14:25:29
AV-3016;AnalogValue;3016;ZoneModule 21 Room Panel Low Air Flow ;20;;06.12.2022;14:25:29
AV-3017;AnalogValue;3017;ZoneModule 21 Room Panel High Air Flow ;90;;06.12.2022;14:25:29
AV-3018;AnalogValue;3018;ZoneModule 21 Room Panel Override Timeout ;60;;06.12.2022;14:25:29
AV-3019;AnalogValue;3019;ZoneModule 21 Heat Valve Max. Flow ;198;;06.12.2022;14:25:29
AV-3020;AnalogValue;3020;ZoneModule 21 Cool Valve Max. Flow ;252;;06.12.2022;14:25:29
AV-3021;AnalogValue;3021;ZoneModule 21 Operation Mode from BMS ;0;;06.12.2022;14:25:29
AV-3101;AnalogValue;3101;ZoneModule 22 Room Temperature Setpoint ;21;;06.12.2022;14:25:29
AV-3102;AnalogValue;3102;ZoneModule 22 Minimum Supply Temperature ;15;;06.12.2022;14:25:29
AV-3103;AnalogValue;3103;ZoneModule 22 Maximum Supply Temperature ;40;;06.12.2022;14:25:29
AV-3104;AnalogValue;3104;ZoneModule 22 Room CO2 Setpoint ;800;;06.12.2022;14:25:29
AV-3105;AnalogValue;3105;ZoneModule 22 Room RH Setpoint ;70;;06.12.2022;14:25:29
AV-3106;AnalogValue;3106;ZoneModule 22 VAV Supply PIR Min. Air Flow ;20;;06.12.2022;14:25:29
AV-3107;AnalogValue;3107;ZoneModule 22 VAV Supply 1 Min. Air Flow ;50;;06.12.2022;14:25:29
AV-3108;AnalogValue;3108;ZoneModule 22 VAV Supply 1 Max. Air Flow ;175;;06.12.2022;14:25:29
AV-3109;AnalogValue;3109;ZoneModule 22 VAV Supply 2 Min. Air Flow ;10;;06.12.2022;14:25:29
AV-3110;AnalogValue;3110;ZoneModule 22 VAV Supply 2 Max. Air Flow ;100;;06.12.2022;14:25:29
AV-3111;AnalogValue;3111;ZoneModule 22 VAV Extract Min. Air Flow ;50;;06.12.2022;14:25:29
AV-3112;AnalogValue;3112;ZoneModule 22 VAV Extract Max. Air Flow ;175;;06.12.2022;14:25:29
AV-3113;AnalogValue;3113;ZoneModule 22 VAV Supply 1 Nominal Air Flow ;270;;06.12.2022;14:25:29
AV-3114;AnalogValue;3114;ZoneModule 22 VAV Supply 2 Nominal Air Flow ;100;;06.12.2022;14:25:29
AV-3115;AnalogValue;3115;ZoneModule 22 VAV Extract Nominal Air Flow ;270;;06.12.2022;14:25:29
AV-3116;AnalogValue;3116;ZoneModule 22 Room Panel Low Air Flow ;20;;06.12.2022;14:25:29
AV-3117;AnalogValue;3117;ZoneModule 22 Room Panel High Air Flow ;90;;06.12.2022;14:25:29
AV-3118;AnalogValue;3118;ZoneModule 22 Room Panel Override Timeout ;60;;06.12.2022;14:25:29
AV-3119;AnalogValue;3119;ZoneModule 22 Heat Valve Max. Flow ;198;;06.12.2022;14:25:29
AV-3120;AnalogValue;3120;ZoneModule 22 Cool Valve Max. Flow ;252;;06.12.2022;14:25:29
AV-3121;AnalogValue;3121;ZoneModule 22 Operation Mode from BMS ;0;;06.12.2022;14:25:29
AV-3201;AnalogValue;3201;ZoneModule 23 Room Temperature Setpoint ;21;;06.12.2022;14:25:29
AV-3202;AnalogValue;3202;ZoneModule 23 Minimum Supply Temperature ;15;;06.12.2022;14:25:29
AV-3203;AnalogValue;3203;ZoneModule 23 Maximum Supply Temperature ;40;;06.12.2022;14:25:29
AV-3204;AnalogValue;3204;ZoneModule 23 Room CO2 Setpoint ;800;;06.12.2022;14:25:29
AV-3205;AnalogValue;3205;ZoneModule 23 Room RH Setpoint ;70;;06.12.2022;14:25:29
AV-3206;AnalogValue;3206;ZoneModule 23 VAV Supply PIR Min. Air Flow ;34;;06.12.2022;14:25:29
AV-3207;AnalogValue;3207;ZoneModule 23 VAV Supply 1 Min. Air Flow ;10;;06.12.2022;14:25:29
AV-3208;AnalogValue;3208;ZoneModule 23 VAV Supply 1 Max. Air Flow ;100;;06.12.2022;14:25:29
AV-3209;AnalogValue;3209;ZoneModule 23 VAV Supply 2 Min. Air Flow ;10;;06.12.2022;14:25:29
AV-3210;AnalogValue;3210;ZoneModule 23 VAV Supply 2 Max. Air Flow ;100;;06.12.2022;14:25:29
AV-3211;AnalogValue;3211;ZoneModule 23 VAV Extract Min. Air Flow ;10;;06.12.2022;14:25:29
AV-3212;AnalogValue;3212;ZoneModule 23 VAV Extract Max. Air Flow ;100;;06.12.2022;14:25:29
AV-3213;AnalogValue;3213;ZoneModule 23 VAV Supply 1 Nominal Air Flow ;100;;06.12.2022;14:25:29
AV-3214;AnalogValue;3214;ZoneModule 23 VAV Supply 2 Nominal Air Flow ;100;;06.12.2022;14:25:29
AV-3215;AnalogValue;3215;ZoneModule 23 VAV Extract Nominal Air Flow ;100;;06.12.2022;14:25:29
AV-3216;AnalogValue;3216;ZoneModule 23 Room Panel Low Air Flow ;20;;06.12.2022;14:25:29
AV-3217;AnalogValue;3217;ZoneModule 23 Room Panel High Air Flow ;90;;06.12.2022;14:25:29
AV-3218;AnalogValue;3218;ZoneModule 23 Room Panel Override Timeout ;60;;06.12.2022;14:25:29
AV-3219;AnalogValue;3219;ZoneModule 23 Heat Valve Max. Flow ;100;;06.12.2022;14:25:29
AV-3220;AnalogValue;3220;ZoneModule 23 Cool Valve Max. Flow ;100;;06.12.2022;14:25:29
AV-3221;AnalogValue;3221;ZoneModule 23 Operation Mode from BMS ;0;;06.12.2022;14:25:29
AV-3301;AnalogValue;3301;ZoneModule 24 Room Temperature Setpoint ;21;;06.12.2022;14:25:29
AV-3302;AnalogValue;3302;ZoneModule 24 Minimum Supply Temperature ;15;;06.12.2022;14:25:29
AV-3303;AnalogValue;3303;ZoneModule 24 Maximum Supply Temperature ;40;;06.12.2022;14:25:29
AV-3304;AnalogValue;3304;ZoneModule 24 Room CO2 Setpoint ;800;;06.12.2022;14:25:29
AV-3305;AnalogValue;3305;ZoneModule 24 Room RH Setpoint ;70;;06.12.2022;14:25:29
AV-3306;AnalogValue;3306;ZoneModule 24 VAV Supply PIR Min. Air Flow ;34;;06.12.2022;14:25:29
AV-3307;AnalogValue;3307;ZoneModule 24 VAV Supply 1 Min. Air Flow ;10;;06.12.2022;14:25:29
AV-3308;AnalogValue;3308;ZoneModule 24 VAV Supply 1 Max. Air Flow ;100;;06.12.2022;14:25:29
AV-3309;AnalogValue;3309;ZoneModule 24 VAV Supply 2 Min. Air Flow ;10;;06.12.2022;14:25:29
AV-3310;AnalogValue;3310;ZoneModule 24 VAV Supply 2 Max. Air Flow ;100;;06.12.2022;14:25:29
AV-3311;AnalogValue;3311;ZoneModule 24 VAV Extract Min. Air Flow ;10;;06.12.2022;14:25:29
AV-3312;AnalogValue;3312;ZoneModule 24 VAV Extract Max. Air Flow ;100;;06.12.2022;14:25:29
AV-3313;AnalogValue;3313;ZoneModule 24 VAV Supply 1 Nominal Air Flow ;100;;06.12.2022;14:25:29
AV-3314;AnalogValue;3314;ZoneModule 24 VAV Supply 2 Nominal Air Flow ;100;;06.12.2022;14:25:29
AV-3315;AnalogValue;3315;ZoneModule 24 VAV Extract Nominal Air Flow ;100;;06.12.2022;14:25:29
AV-3316;AnalogValue;3316;ZoneModule 24 Room Panel Low Air Flow ;20;;06.12.2022;14:25:29
AV-3317;AnalogValue;3317;ZoneModule 24 Room Panel High Air Flow ;90;;06.12.2022;14:25:29
AV-3318;AnalogValue;3318;ZoneModule 24 Room Panel Override Timeout ;60;;06.12.2022;14:25:29
AV-3319;AnalogValue;3319;ZoneModule 24 Heat Valve Max. Flow ;100;;06.12.2022;14:25:29
AV-3320;AnalogValue;3320;ZoneModule 24 Cool Valve Max. Flow ;100;;06.12.2022;14:25:29
AV-3321;AnalogValue;3321;ZoneModule 24 Operation Mode from BMS ;0;;06.12.2022;14:25:29
AV-3401;AnalogValue;3401;ZoneModule 25 Room Temperature Setpoint ;21;;06.12.2022;14:25:29
AV-3402;AnalogValue;3402;ZoneModule 25 Minimum Supply Temperature ;15;;06.12.2022;14:25:29
AV-3403;AnalogValue;3403;ZoneModule 25 Maximum Supply Temperature ;40;;06.12.2022;14:25:29
AV-3404;AnalogValue;3404;ZoneModule 25 Room CO2 Setpoint ;800;;06.12.2022;14:25:29
AV-3405;AnalogValue;3405;ZoneModule 25 Room RH Setpoint ;70;;06.12.2022;14:25:29
AV-3406;AnalogValue;3406;ZoneModule 25 VAV Supply PIR Min. Air Flow ;34;;06.12.2022;14:25:29
AV-3407;AnalogValue;3407;ZoneModule 25 VAV Supply 1 Min. Air Flow ;10;;06.12.2022;14:25:29
AV-3408;AnalogValue;3408;ZoneModule 25 VAV Supply 1 Max. Air Flow ;100;;06.12.2022;14:25:29
AV-3409;AnalogValue;3409;ZoneModule 25 VAV Supply 2 Min. Air Flow ;10;;06.12.2022;14:25:29
AV-3410;AnalogValue;3410;ZoneModule 25 VAV Supply 2 Max. Air Flow ;100;;06.12.2022;14:25:29
AV-3411;AnalogValue;3411;ZoneModule 25 VAV Extract Min. Air Flow ;10;;06.12.2022;14:25:29
AV-3412;AnalogValue;3412;ZoneModule 25 VAV Extract Max. Air Flow ;100;;06.12.2022;14:25:29
AV-3413;AnalogValue;3413;ZoneModule 25 VAV Supply 1 Nominal Air Flow ;100;;06.12.2022;14:25:29
AV-3414;AnalogValue;3414;ZoneModule 25 VAV Supply 2 Nominal Air Flow ;100;;06.12.2022;14:25:29
AV-3415;AnalogValue;3415;ZoneModule 25 VAV Extract Nominal Air Flow ;100;;06.12.2022;14:25:29
AV-3416;AnalogValue;3416;ZoneModule 25 Room Panel Low Air Flow ;20;;06.12.2022;14:25:29
AV-3417;AnalogValue;3417;ZoneModule 25 Room Panel High Air Flow ;90;;06.12.2022;14:25:29
AV-3418;AnalogValue;3418;ZoneModule 25 Room Panel Override Timeout ;60;;06.12.2022;14:25:29
AV-3419;AnalogValue;3419;ZoneModule 25 Heat Valve Max. Flow ;100;;06.12.2022;14:25:29
AV-3420;AnalogValue;3420;ZoneModule 25 Cool Valve Max. Flow ;100;;06.12.2022;14:25:29
AV-3421;AnalogValue;3421;ZoneModule 25 Operation Mode from BMS ;0;;06.12.2022;14:25:29
AI-100;AnalogInput;100;AHU Supply Fan Setpoint ;100;;06.12.2022;14:25:29
AI-101;AnalogInput;101;AHU Extract Fan Setpoint ;100;;06.12.2022;14:25:29
AI-102;AnalogInput;102;AHU Supply Air Temp Setpoint ;20,93;;06.12.2022;14:25:29
AI-103;AnalogInput;103;AHU Cooling Pump Setpoint ;100;;06.12.2022;14:25:29
AI-104;AnalogInput;104;AHU status ;0;;06.12.2022;14:25:29
AI-105;AnalogInput;105;AHU Supply Fan Alarm Status ;0;;06.12.2022;14:25:29
AI-106;AnalogInput;106;AHU Extract Fan Alarm Status ;0;;06.12.2022;14:25:29
AI-107;AnalogInput;107;Combined Cooling Water Temp Value ;0;;06.12.2022;14:25:29
AI-108;AnalogInput;108;Combined Outdoor Temp Value ;0;;06.12.2022;14:25:29
AI-109;AnalogInput;109;Section Master Alarm Status ;0;;06.12.2022;14:25:29
AI-110;AnalogInput;110;Section ZoneModule Alarm Status ;1;;06.12.2022;14:25:29
AI-111;AnalogInput;111;ZoneMaster Operation Mode ;3;;06.12.2022;14:25:29
AI-112;AnalogInput;112;Actual Summer/Winter Compensation ;0;;06.12.2022;14:25:29
AI-300;AnalogInput;300;Number Of Zonemodules ;21;;06.12.2022;14:25:29
AI-301;AnalogInput;301;Section Supply Damper Max Position ;100;;06.12.2022;14:25:29
AI-302;AnalogInput;302;Section Extract Damper Max Position ;100;;06.12.2022;14:25:29
AI-303;AnalogInput;303;Section Heat Valve Max Position ;34,38;;06.12.2022;14:25:29
AI-304;AnalogInput;304;Section Cool Valve Max Position ;99,67;;06.12.2022;14:25:29
AI-305;AnalogInput;305;Section Minimum Temperature Setpoint ;20,93;;06.12.2022;14:25:29
AI-306;AnalogInput;306;Section Cooling Requirement ;0;;06.12.2022;14:25:29
AI-1000;AnalogInput;1000;ZoneModule 1 Status ;1;;06.12.2022;14:25:29
AI-1001;AnalogInput;1001;ZoneModule 1 VAV Supply 1 Actuator Setpoint % ;100;;06.12.2022;14:25:29
AI-1002;AnalogInput;1002;ZoneModule 1 VAV Supply 1 Actual Flow ;177;;06.12.2022;14:25:29
AI-1003;AnalogInput;1003;ZoneModule 1 VAV Supply 2 Actuator Setpoint % ;0;;06.12.2022;14:25:29
AI-1004;AnalogInput;1004;ZoneModule 1 VAV Supply 2 Actual Flow ;0;;06.12.2022;14:25:29
AI-1005;AnalogInput;1005;ZoneModule 1 VAV Extract Actuator Setpoint % ;100;;06.12.2022;14:25:29
AI-1006;AnalogInput;1006;ZoneModule 1 VAV Extract Actual Flow ;175;;06.12.2022;14:25:29
AI-1007;AnalogInput;1007;ZoneModule 1 Heating Valve Setpoint % ;0;;06.12.2022;14:25:29
AI-1008;AnalogInput;1008;ZoneModule 1 Cooling Valve Setpoint % ;100;;06.12.2022;14:25:29
AI-1009;AnalogInput;1009;ZoneModule 1 Room Temperature Actual Value ;21,51;;06.12.2022;14:25:29
AI-1010;AnalogInput;1010;ZoneModule 1 Supply Temperature Actual Value ;0;;06.12.2022;14:25:29
AI-1011;AnalogInput;1011;ZoneModule 1 Remote Setpoint Offset Actual Value ;-0,07;;06.12.2022;14:25:29
AI-1012;AnalogInput;1012;ZoneModule 1 CO2/VOC  Actual Value ;408;;06.12.2022;14:25:29
AI-1013;AnalogInput;1013;ZoneModule 1 RH Actual Value ;5;;06.12.2022;14:25:29
AI-1014;AnalogInput;1014;ZoneModule 1 Room Temperature Actual Setpoint ;20,93;;06.12.2022;14:25:29
AI-1015;AnalogInput;1015;ZoneModule 1 Room Panel Air Mode ;0;;06.12.2022;14:25:29
AI-1016;AnalogInput;1016;ZoneModule 1 Heating Valve Actual Flow ;0;;06.12.2022;14:25:29
AI-1017;AnalogInput;1017;ZoneModule 1 Cooling Valve Actual Flow ;0;;06.12.2022;14:25:29
AI-1018;AnalogInput;1018;ZoneModule 1 VAV Supply 1 Actual Damper pos. % ;88,2;;06.12.2022;14:25:29
AI-1019;AnalogInput;1019;ZoneModule 1 VAV Supply 2 Actual Damper pos. % ;0;;06.12.2022;14:25:29
AI-1020;AnalogInput;1020;ZoneModule 1 VAV Extract Actual Damper pos. % ;77,28;;06.12.2022;14:25:29
AI-1100;AnalogInput;1100;ZoneModule 2 Status ;1;;06.12.2022;14:25:29
AI-1101;AnalogInput;1101;ZoneModule 2 VAV Supply 1 Actuator Setpoint % ;100;;06.12.2022;14:25:29
AI-1102;AnalogInput;1102;ZoneModule 2 VAV Supply 1 Actual Flow ;178;;06.12.2022;14:25:29
AI-1103;AnalogInput;1103;ZoneModule 2 VAV Supply 2 Actuator Setpoint % ;0;;06.12.2022;14:25:29
AI-1104;AnalogInput;1104;ZoneModule 2 VAV Supply 2 Actual Flow ;0;;06.12.2022;14:25:29
AI-1105;AnalogInput;1105;ZoneModule 2 VAV Extract Actuator Setpoint % ;100;;06.12.2022;14:25:29
AI-1106;AnalogInput;1106;ZoneModule 2 VAV Extract Actual Flow ;176;;06.12.2022;14:25:29
AI-1107;AnalogInput;1107;ZoneModule 2 Heating Valve Setpoint % ;0;;06.12.2022;14:25:29
AI-1108;AnalogInput;1108;ZoneModule 2 Cooling Valve Setpoint % ;100;;06.12.2022;14:25:29
AI-1109;AnalogInput;1109;ZoneModule 2 Room Temperature Actual Value ;21,5;;06.12.2022;14:25:29
AI-1110;AnalogInput;1110;ZoneModule 2 Supply Temperature Actual Value ;0;;06.12.2022;14:25:29
AI-1111;AnalogInput;1111;ZoneModule 2 Remote Setpoint Offset Actual Value ;-0,05;;06.12.2022;14:25:29
AI-1112;AnalogInput;1112;ZoneModule 2 CO2/VOC  Actual Value ;100;;06.12.2022;14:25:29
AI-1113;AnalogInput;1113;ZoneModule 2 RH Actual Value ;5;;06.12.2022;14:25:29
AI-1114;AnalogInput;1114;ZoneModule 2 Room Temperature Actual Setpoint ;20,95;;06.12.2022;14:25:29
AI-1115;AnalogInput;1115;ZoneModule 2 Room Panel Air Mode ;0;;06.12.2022;14:25:29
AI-1116;AnalogInput;1116;ZoneModule 2 Heating Valve Actual Flow ;0;;06.12.2022;14:25:29
AI-1117;AnalogInput;1117;ZoneModule 2 Cooling Valve Actual Flow ;0;;06.12.2022;14:25:29
AI-1118;AnalogInput;1118;ZoneModule 2 VAV Supply 1 Actual Damper pos. % ;90,14;;06.12.2022;14:25:29
AI-1119;AnalogInput;1119;ZoneModule 2 VAV Supply 2 Actual Damper pos. % ;0;;06.12.2022;14:25:29
AI-1120;AnalogInput;1120;ZoneModule 2 VAV Extract Actual Damper pos. % ;78,50999;;06.12.2022;14:25:29
AI-1200;AnalogInput;1200;ZoneModule 3 Status ;1;;06.12.2022;14:25:29
AI-1201;AnalogInput;1201;ZoneModule 3 VAV Supply 1 Actuator Setpoint % ;0;;06.12.2022;14:25:29
AI-1202;AnalogInput;1202;ZoneModule 3 VAV Supply 1 Actual Flow ;0;;06.12.2022;14:25:29
AI-1203;AnalogInput;1203;ZoneModule 3 VAV Supply 2 Actuator Setpoint % ;0;;06.12.2022;14:25:29
AI-1204;AnalogInput;1204;ZoneModule 3 VAV Supply 2 Actual Flow ;0;;06.12.2022;14:25:29
AI-1205;AnalogInput;1205;ZoneModule 3 VAV Extract Actuator Setpoint % ;0;;06.12.2022;14:25:29
AI-1206;AnalogInput;1206;ZoneModule 3 VAV Extract Actual Flow ;0;;06.12.2022;14:25:29
AI-1207;AnalogInput;1207;ZoneModule 3 Heating Valve Setpoint % ;8,11;;06.12.2022;14:25:29
AI-1208;AnalogInput;1208;ZoneModule 3 Cooling Valve Setpoint % ;0;;06.12.2022;14:25:29
AI-1209;AnalogInput;1209;ZoneModule 3 Room Temperature Actual Value ;20,92;;06.12.2022;14:25:29
AI-1210;AnalogInput;1210;ZoneModule 3 Supply Temperature Actual Value ;0;;06.12.2022;14:25:29
AI-1211;AnalogInput;1211;ZoneModule 3 Remote Setpoint Offset Actual Value ;-0,03;;06.12.2022;14:25:29
AI-1212;AnalogInput;1212;ZoneModule 3 CO2/VOC  Actual Value ;546;;06.12.2022;14:25:29
AI-1213;AnalogInput;1213;ZoneModule 3 RH Actual Value ;5;;06.12.2022;14:25:29
AI-1214;AnalogInput;1214;ZoneModule 3 Room Temperature Actual Setpoint ;20,97;;06.12.2022;14:25:29
AI-1215;AnalogInput;1215;ZoneModule 3 Room Panel Air Mode ;0;;06.12.2022;14:25:29
AI-1216;AnalogInput;1216;ZoneModule 3 Heating Valve Actual Flow ;14;;06.12.2022;14:25:29
AI-1217;AnalogInput;1217;ZoneModule 3 Cooling Valve Actual Flow ;0;;06.12.2022;14:25:29
AI-1218;AnalogInput;1218;ZoneModule 3 VAV Supply 1 Actual Damper pos. % ;30,6;;06.12.2022;14:25:29
AI-1219;AnalogInput;1219;ZoneModule 3 VAV Supply 2 Actual Damper pos. % ;0;;06.12.2022;14:25:29
AI-1220;AnalogInput;1220;ZoneModule 3 VAV Extract Actual Damper pos. % ;0;;06.12.2022;14:25:29
AI-1300;AnalogInput;1300;ZoneModule 4 Status ;1;;06.12.2022;14:25:29
AI-1301;AnalogInput;1301;ZoneModule 4 VAV Supply 1 Actuator Setpoint % ;100;;06.12.2022;14:25:29
AI-1302;AnalogInput;1302;ZoneModule 4 VAV Supply 1 Actual Flow ;175;;06.12.2022;14:25:29
AI-1303;AnalogInput;1303;ZoneModule 4 VAV Supply 2 Actuator Setpoint % ;0;;06.12.2022;14:25:29
AI-1304;AnalogInput;1304;ZoneModule 4 VAV Supply 2 Actual Flow ;0;;06.12.2022;14:25:29
AI-1305;AnalogInput;1305;ZoneModule 4 VAV Extract Actuator Setpoint % ;100;;06.12.2022;14:25:29
AI-1306;AnalogInput;1306;ZoneModule 4 VAV Extract Actual Flow ;178;;06.12.2022;14:25:29
AI-1307;AnalogInput;1307;ZoneModule 4 Heating Valve Setpoint % ;13,5;;06.12.2022;14:25:29
AI-1308;AnalogInput;1308;ZoneModule 4 Cooling Valve Setpoint % ;0;;06.12.2022;14:25:29
AI-1309;AnalogInput;1309;ZoneModule 4 Room Temperature Actual Value ;20,9;;06.12.2022;14:25:29
AI-1310;AnalogInput;1310;ZoneModule 4 Supply Temperature Actual Value ;0;;06.12.2022;14:25:29
AI-1311;AnalogInput;1311;ZoneModule 4 Remote Setpoint Offset Actual Value ;-0,03;;06.12.2022;14:25:29
AI-1312;AnalogInput;1312;ZoneModule 4 CO2/VOC  Actual Value ;526;;06.12.2022;14:25:29
AI-1313;AnalogInput;1313;ZoneModule 4 RH Actual Value ;5;;06.12.2022;14:25:29
AI-1314;AnalogInput;1314;ZoneModule 4 Room Temperature Actual Setpoint ;20,96;;06.12.2022;14:25:29
AI-1315;AnalogInput;1315;ZoneModule 4 Room Panel Air Mode ;0;;06.12.2022;14:25:29
AI-1316;AnalogInput;1316;ZoneModule 4 Heating Valve Actual Flow ;25;;06.12.2022;14:25:29
AI-1317;AnalogInput;1317;ZoneModule 4 Cooling Valve Actual Flow ;0;;06.12.2022;14:25:29
AI-1318;AnalogInput;1318;ZoneModule 4 VAV Supply 1 Actual Damper pos. % ;80,09;;06.12.2022;14:25:29
AI-1319;AnalogInput;1319;ZoneModule 4 VAV Supply 2 Actual Damper pos. % ;0;;06.12.2022;14:25:29
AI-1320;AnalogInput;1320;ZoneModule 4 VAV Extract Actual Damper pos. % ;82,78;;06.12.2022;14:25:29
AI-1400;AnalogInput;1400;ZoneModule 5 Status ;1;;06.12.2022;14:25:29
AI-1401;AnalogInput;1401;ZoneModule 5 VAV Supply 1 Actuator Setpoint % ;100;;06.12.2022;14:25:29
AI-1402;AnalogInput;1402;ZoneModule 5 VAV Supply 1 Actual Flow ;176;;06.12.2022;14:25:29
AI-1403;AnalogInput;1403;ZoneModule 5 VAV Supply 2 Actuator Setpoint % ;0;;06.12.2022;14:25:29
AI-1404;AnalogInput;1404;ZoneModule 5 VAV Supply 2 Actual Flow ;0;;06.12.2022;14:25:29
AI-1405;AnalogInput;1405;ZoneModule 5 VAV Extract Actuator Setpoint % ;100;;06.12.2022;14:25:29
AI-1406;AnalogInput;1406;ZoneModule 5 VAV Extract Actual Flow ;185;;06.12.2022;14:25:29
AI-1407;AnalogInput;1407;ZoneModule 5 Heating Valve Setpoint % ;100;;06.12.2022;14:25:29
AI-1408;AnalogInput;1408;ZoneModule 5 Cooling Valve Setpoint % ;0;;06.12.2022;14:25:29
AI-1409;AnalogInput;1409;ZoneModule 5 Room Temperature Actual Value ;19,69;;06.12.2022;14:25:29
AI-1410;AnalogInput;1410;ZoneModule 5 Supply Temperature Actual Value ;0;;06.12.2022;14:25:29
AI-1411;AnalogInput;1411;ZoneModule 5 Remote Setpoint Offset Actual Value ;-0,03;;06.12.2022;14:25:29
AI-1412;AnalogInput;1412;ZoneModule 5 CO2/VOC  Actual Value ;485;;06.12.2022;14:25:29
AI-1413;AnalogInput;1413;ZoneModule 5 RH Actual Value ;5;;06.12.2022;14:25:29
AI-1414;AnalogInput;1414;ZoneModule 5 Room Temperature Actual Setpoint ;20,97;;06.12.2022;14:25:29
AI-1415;AnalogInput;1415;ZoneModule 5 Room Panel Air Mode ;0;;06.12.2022;14:25:29
AI-1416;AnalogInput;1416;ZoneModule 5 Heating Valve Actual Flow ;201;;06.12.2022;14:25:29
AI-1417;AnalogInput;1417;ZoneModule 5 Cooling Valve Actual Flow ;0;;06.12.2022;14:25:29
AI-1418;AnalogInput;1418;ZoneModule 5 VAV Supply 1 Actual Damper pos. % ;84,46;;06.12.2022;14:25:29
AI-1419;AnalogInput;1419;ZoneModule 5 VAV Supply 2 Actual Damper pos. % ;0;;06.12.2022;14:25:29
AI-1420;AnalogInput;1420;ZoneModule 5 VAV Extract Actual Damper pos. % ;90,78;;06.12.2022;14:25:29
AI-1500;AnalogInput;1500;ZoneModule 6 Status ;1;;06.12.2022;14:25:29
AI-1501;AnalogInput;1501;ZoneModule 6 VAV Supply 1 Actuator Setpoint % ;100;;06.12.2022;14:25:29
AI-1502;AnalogInput;1502;ZoneModule 6 VAV Supply 1 Actual Flow ;176;;06.12.2022;14:25:29
AI-1503;AnalogInput;1503;ZoneModule 6 VAV Supply 2 Actuator Setpoint % ;0;;06.12.2022;14:25:29
AI-1504;AnalogInput;1504;ZoneModule 6 VAV Supply 2 Actual Flow ;0;;06.12.2022;14:25:29
AI-1505;AnalogInput;1505;ZoneModule 6 VAV Extract Actuator Setpoint % ;100;;06.12.2022;14:25:29
AI-1506;AnalogInput;1506;ZoneModule 6 VAV Extract Actual Flow ;177;;06.12.2022;14:25:29
AI-1507;AnalogInput;1507;ZoneModule 6 Heating Valve Setpoint % ;0;;06.12.2022;14:25:29
AI-1508;AnalogInput;1508;ZoneModule 6 Cooling Valve Setpoint % ;54,67;;06.12.2022;14:25:29
AI-1509;AnalogInput;1509;ZoneModule 6 Room Temperature Actual Value ;20,89;;06.12.2022;14:25:29
AI-1510;AnalogInput;1510;ZoneModule 6 Supply Temperature Actual Value ;0;;06.12.2022;14:25:29
AI-1511;AnalogInput;1511;ZoneModule 6 Remote Setpoint Offset Actual Value ;-0,03;;06.12.2022;14:25:29
AI-1512;AnalogInput;1512;ZoneModule 6 CO2/VOC  Actual Value ;506;;06.12.2022;14:25:29
AI-1513;AnalogInput;1513;ZoneModule 6 RH Actual Value ;5;;06.12.2022;14:25:29
AI-1514;AnalogInput;1514;ZoneModule 6 Room Temperature Actual Setpoint ;20,97;;06.12.2022;14:25:29
AI-1515;AnalogInput;1515;ZoneModule 6 Room Panel Air Mode ;0;;06.12.2022;14:25:29
AI-1516;AnalogInput;1516;ZoneModule 6 Heating Valve Actual Flow ;0;;06.12.2022;14:25:29
AI-1517;AnalogInput;1517;ZoneModule 6 Cooling Valve Actual Flow ;0;;06.12.2022;14:25:29
AI-1518;AnalogInput;1518;ZoneModule 6 VAV Supply 1 Actual Damper pos. % ;100;;06.12.2022;14:25:29
AI-1519;AnalogInput;1519;ZoneModule 6 VAV Supply 2 Actual Damper pos. % ;0;;06.12.2022;14:25:29
AI-1520;AnalogInput;1520;ZoneModule 6 VAV Extract Actual Damper pos. % ;82,13;;06.12.2022;14:25:29
AI-1600;AnalogInput;1600;ZoneModule 7 Status ;1;;06.12.2022;14:25:29
AI-1601;AnalogInput;1601;ZoneModule 7 VAV Supply 1 Actuator Setpoint % ;100;;06.12.2022;14:25:29
AI-1602;AnalogInput;1602;ZoneModule 7 VAV Supply 1 Actual Flow ;173;;06.12.2022;14:25:29
AI-1603;AnalogInput;1603;ZoneModule 7 VAV Supply 2 Actuator Setpoint % ;0;;06.12.2022;14:25:29
AI-1604;AnalogInput;1604;ZoneModule 7 VAV Supply 2 Actual Flow ;0;;06.12.2022;14:25:29
AI-1605;AnalogInput;1605;ZoneModule 7 VAV Extract Actuator Setpoint % ;100;;06.12.2022;14:25:29
AI-1606;AnalogInput;1606;ZoneModule 7 VAV Extract Actual Flow ;177;;06.12.2022;14:25:29
AI-1607;AnalogInput;1607;ZoneModule 7 Heating Valve Setpoint % ;0;;06.12.2022;14:25:29
AI-1608;AnalogInput;1608;ZoneModule 7 Cooling Valve Setpoint % ;17,57;;06.12.2022;14:25:29
AI-1609;AnalogInput;1609;ZoneModule 7 Room Temperature Actual Value ;21,01;;06.12.2022;14:25:29
AI-1610;AnalogInput;1610;ZoneModule 7 Supply Temperature Actual Value ;0;;06.12.2022;14:25:29
AI-1611;AnalogInput;1611;ZoneModule 7 Remote Setpoint Offset Actual Value ;-0,03;;06.12.2022;14:25:29
AI-1612;AnalogInput;1612;ZoneModule 7 CO2/VOC  Actual Value ;504;;06.12.2022;14:25:29
AI-1613;AnalogInput;1613;ZoneModule 7 RH Actual Value ;5;;06.12.2022;14:25:29
AI-1614;AnalogInput;1614;ZoneModule 7 Room Temperature Actual Setpoint ;20,97;;06.12.2022;14:25:29
AI-1615;AnalogInput;1615;ZoneModule 7 Room Panel Air Mode ;0;;06.12.2022;14:25:29
AI-1616;AnalogInput;1616;ZoneModule 7 Heating Valve Actual Flow ;0;;06.12.2022;14:25:29
AI-1617;AnalogInput;1617;ZoneModule 7 Cooling Valve Actual Flow ;0;;06.12.2022;14:25:29
AI-1618;AnalogInput;1618;ZoneModule 7 VAV Supply 1 Actual Damper pos. % ;100;;06.12.2022;14:25:29
AI-1619;AnalogInput;1619;ZoneModule 7 VAV Supply 2 Actual Damper pos. % ;0;;06.12.2022;14:25:29
AI-1620;AnalogInput;1620;ZoneModule 7 VAV Extract Actual Damper pos. % ;80,8;;06.12.2022;14:25:29
AI-1700;AnalogInput;1700;ZoneModule 8 Status ;1;;06.12.2022;14:25:29
AI-1701;AnalogInput;1701;ZoneModule 8 VAV Supply 1 Actuator Setpoint % ;100;;06.12.2022;14:25:29
AI-1702;AnalogInput;1702;ZoneModule 8 VAV Supply 1 Actual Flow ;130;;06.12.2022;14:25:29
AI-1703;AnalogInput;1703;ZoneModule 8 VAV Supply 2 Actuator Setpoint % ;0;;06.12.2022;14:25:29
AI-1704;AnalogInput;1704;ZoneModule 8 VAV Supply 2 Actual Flow ;0;;06.12.2022;14:25:29
AI-1705;AnalogInput;1705;ZoneModule 8 VAV Extract Actuator Setpoint % ;0;;06.12.2022;14:25:29
AI-1706;AnalogInput;1706;ZoneModule 8 VAV Extract Actual Flow ;0;;06.12.2022;14:25:29
AI-1707;AnalogInput;1707;ZoneModule 8 Heating Valve Setpoint % ;0;;06.12.2022;14:25:29
AI-1708;AnalogInput;1708;ZoneModule 8 Cooling Valve Setpoint % ;100;;06.12.2022;14:25:29
AI-1709;AnalogInput;1709;ZoneModule 8 Room Temperature Actual Value ;21,41;;06.12.2022;14:25:29
AI-1710;AnalogInput;1710;ZoneModule 8 Supply Temperature Actual Value ;0;;06.12.2022;14:25:29
AI-1711;AnalogInput;1711;ZoneModule 8 Remote Setpoint Offset Actual Value ;-0,04;;06.12.2022;14:25:29
AI-1712;AnalogInput;1712;ZoneModule 8 CO2/VOC  Actual Value ;379;;06.12.2022;14:25:29
AI-1713;AnalogInput;1713;ZoneModule 8 RH Actual Value ;5;;06.12.2022;14:25:29
AI-1714;AnalogInput;1714;ZoneModule 8 Room Temperature Actual Setpoint ;20,96;;06.12.2022;14:25:29
AI-1715;AnalogInput;1715;ZoneModule 8 Room Panel Air Mode ;0;;06.12.2022;14:25:29
AI-1716;AnalogInput;1716;ZoneModule 8 Heating Valve Actual Flow ;0;;06.12.2022;14:25:29
AI-1717;AnalogInput;1717;ZoneModule 8 Cooling Valve Actual Flow ;0;;06.12.2022;14:25:29
AI-1718;AnalogInput;1718;ZoneModule 8 VAV Supply 1 Actual Damper pos. % ;100;;06.12.2022;14:25:29
AI-1719;AnalogInput;1719;ZoneModule 8 VAV Supply 2 Actual Damper pos. % ;0;;06.12.2022;14:25:29
AI-1720;AnalogInput;1720;ZoneModule 8 VAV Extract Actual Damper pos. % ;0;;06.12.2022;14:25:29
AI-1800;AnalogInput;1800;ZoneModule 9 Status ;1;;06.12.2022;14:25:29
AI-1801;AnalogInput;1801;ZoneModule 9 VAV Supply 1 Actuator Setpoint % ;100;;06.12.2022;14:25:29
AI-1802;AnalogInput;1802;ZoneModule 9 VAV Supply 1 Actual Flow ;143;;06.12.2022;14:25:29
AI-1803;AnalogInput;1803;ZoneModule 9 VAV Supply 2 Actuator Setpoint % ;0;;06.12.2022;14:25:29
AI-1804;AnalogInput;1804;ZoneModule 9 VAV Supply 2 Actual Flow ;0;;06.12.2022;14:25:29
AI-1805;AnalogInput;1805;ZoneModule 9 VAV Extract Actuator Setpoint % ;100;;06.12.2022;14:25:29
AI-1806;AnalogInput;1806;ZoneModule 9 VAV Extract Actual Flow ;176;;06.12.2022;14:25:29
AI-1807;AnalogInput;1807;ZoneModule 9 Heating Valve Setpoint % ;64,36;;06.12.2022;14:25:29
AI-1808;AnalogInput;1808;ZoneModule 9 Cooling Valve Setpoint % ;0;;06.12.2022;14:25:29
AI-1809;AnalogInput;1809;ZoneModule 9 Room Temperature Actual Value ;20,79;;06.12.2022;14:25:29
AI-1810;AnalogInput;1810;ZoneModule 9 Supply Temperature Actual Value ;0;;06.12.2022;14:25:29
AI-1811;AnalogInput;1811;ZoneModule 9 Remote Setpoint Offset Actual Value ;-0,06;;06.12.2022;14:25:29
AI-1812;AnalogInput;1812;ZoneModule 9 CO2/VOC  Actual Value ;464;;06.12.2022;14:25:29
AI-1813;AnalogInput;1813;ZoneModule 9 RH Actual Value ;5;;06.12.2022;14:25:29
AI-1814;AnalogInput;1814;ZoneModule 9 Room Temperature Actual Setpoint ;20,94;;06.12.2022;14:25:29
AI-1815;AnalogInput;1815;ZoneModule 9 Room Panel Air Mode ;0;;06.12.2022;14:25:29
AI-1816;AnalogInput;1816;ZoneModule 9 Heating Valve Actual Flow ;123;;06.12.2022;14:25:29
AI-1817;AnalogInput;1817;ZoneModule 9 Cooling Valve Actual Flow ;0;;06.12.2022;14:25:29
AI-1818;AnalogInput;1818;ZoneModule 9 VAV Supply 1 Actual Damper pos. % ;100;;06.12.2022;14:25:29
AI-1819;AnalogInput;1819;ZoneModule 9 VAV Supply 2 Actual Damper pos. % ;0;;06.12.2022;14:25:29
AI-1820;AnalogInput;1820;ZoneModule 9 VAV Extract Actual Damper pos. % ;79;;06.12.2022;14:25:29
AI-1900;AnalogInput;1900;ZoneModule 10 Status ;1;;06.12.2022;14:25:29
AI-1901;AnalogInput;1901;ZoneModule 10 VAV Supply 1 Actuator Setpoint % ;100;;06.12.2022;14:25:29
AI-1902;AnalogInput;1902;ZoneModule 10 VAV Supply 1 Actual Flow ;175;;06.12.2022;14:25:29
AI-1903;AnalogInput;1903;ZoneModule 10 VAV Supply 2 Actuator Setpoint % ;0;;06.12.2022;14:25:29
AI-1904;AnalogInput;1904;ZoneModule 10 VAV Supply 2 Actual Flow ;0;;06.12.2022;14:25:29
AI-1905;AnalogInput;1905;ZoneModule 10 VAV Extract Actuator Setpoint % ;100;;06.12.2022;14:25:29
AI-1906;AnalogInput;1906;ZoneModule 10 VAV Extract Actual Flow ;175;;06.12.2022;14:25:29
AI-1907;AnalogInput;1907;ZoneModule 10 Heating Valve Setpoint % ;0;;06.12.2022;14:25:29
AI-1908;AnalogInput;1908;ZoneModule 10 Cooling Valve Setpoint % ;100;;06.12.2022;14:25:29
AI-1909;AnalogInput;1909;ZoneModule 10 Room Temperature Actual Value ;21,51;;06.12.2022;14:25:29
AI-1910;AnalogInput;1910;ZoneModule 10 Supply Temperature Actual Value ;0;;06.12.2022;14:25:29
AI-1911;AnalogInput;1911;ZoneModule 10 Remote Setpoint Offset Actual Value ;-0,04;;06.12.2022;14:25:29
AI-1912;AnalogInput;1912;ZoneModule 10 CO2/VOC  Actual Value ;471;;06.12.2022;14:25:29
AI-1913;AnalogInput;1913;ZoneModule 10 RH Actual Value ;5;;06.12.2022;14:25:29
AI-1914;AnalogInput;1914;ZoneModule 10 Room Temperature Actual Setpoint ;20,95;;06.12.2022;14:25:29
AI-1915;AnalogInput;1915;ZoneModule 10 Room Panel Air Mode ;0;;06.12.2022;14:25:29
AI-1916;AnalogInput;1916;ZoneModule 10 Heating Valve Actual Flow ;0;;06.12.2022;14:25:29
AI-1917;AnalogInput;1917;ZoneModule 10 Cooling Valve Actual Flow ;0;;06.12.2022;14:25:29
AI-1918;AnalogInput;1918;ZoneModule 10 VAV Supply 1 Actual Damper pos. % ;78,53;;06.12.2022;14:25:29
AI-1919;AnalogInput;1919;ZoneModule 10 VAV Supply 2 Actual Damper pos. % ;0;;06.12.2022;14:25:29
AI-1920;AnalogInput;1920;ZoneModule 10 VAV Extract Actual Damper pos. % ;80,7;;06.12.2022;14:25:29
AI-2000;AnalogInput;2000;ZoneModule 11 Status ;1;;06.12.2022;14:25:29
AI-2001;AnalogInput;2001;ZoneModule 11 VAV Supply 1 Actuator Setpoint % ;100;;06.12.2022;14:25:29
AI-2002;AnalogInput;2002;ZoneModule 11 VAV Supply 1 Actual Flow ;175;;06.12.2022;14:25:29
AI-2003;AnalogInput;2003;ZoneModule 11 VAV Supply 2 Actuator Setpoint % ;0;;06.12.2022;14:25:29
AI-2004;AnalogInput;2004;ZoneModule 11 VAV Supply 2 Actual Flow ;0;;06.12.2022;14:25:29
AI-2005;AnalogInput;2005;ZoneModule 11 VAV Extract Actuator Setpoint % ;100;;06.12.2022;14:25:29
AI-2006;AnalogInput;2006;ZoneModule 11 VAV Extract Actual Flow ;176;;06.12.2022;14:25:29
AI-2007;AnalogInput;2007;ZoneModule 11 Heating Valve Setpoint % ;0;;06.12.2022;14:25:29
AI-2008;AnalogInput;2008;ZoneModule 11 Cooling Valve Setpoint % ;0;;06.12.2022;14:25:29
AI-2009;AnalogInput;2009;ZoneModule 11 Room Temperature Actual Value ;0;;06.12.2022;14:25:29
AI-2010;AnalogInput;2010;ZoneModule 11 Supply Temperature Actual Value ;0;;06.12.2022;14:25:29
AI-2011;AnalogInput;2011;ZoneModule 11 Remote Setpoint Offset Actual Value ;-0,01;;06.12.2022;14:25:29
AI-2012;AnalogInput;2012;ZoneModule 11 CO2/VOC  Actual Value ;516;;06.12.2022;14:25:29
AI-2013;AnalogInput;2013;ZoneModule 11 RH Actual Value ;5;;06.12.2022;14:25:29
AI-2014;AnalogInput;2014;ZoneModule 11 Room Temperature Actual Setpoint ;20,99;;06.12.2022;14:25:29
AI-2015;AnalogInput;2015;ZoneModule 11 Room Panel Air Mode ;0;;06.12.2022;14:25:29
AI-2016;AnalogInput;2016;ZoneModule 11 Heating Valve Actual Flow ;0;;06.12.2022;14:25:29
AI-2017;AnalogInput;2017;ZoneModule 11 Cooling Valve Actual Flow ;0;;06.12.2022;14:25:29
AI-2018;AnalogInput;2018;ZoneModule 11 VAV Supply 1 Actual Damper pos. % ;79;;06.12.2022;14:25:29
AI-2019;AnalogInput;2019;ZoneModule 11 VAV Supply 2 Actual Damper pos. % ;0;;06.12.2022;14:25:29
AI-2020;AnalogInput;2020;ZoneModule 11 VAV Extract Actual Damper pos. % ;78,75999;;06.12.2022;14:25:29
AI-2100;AnalogInput;2100;ZoneModule 12 Status ;1;;06.12.2022;14:25:29
AI-2101;AnalogInput;2101;ZoneModule 12 VAV Supply 1 Actuator Setpoint % ;100;;06.12.2022;14:25:29
AI-2102;AnalogInput;2102;ZoneModule 12 VAV Supply 1 Actual Flow ;143;;06.12.2022;14:25:29
AI-2103;AnalogInput;2103;ZoneModule 12 VAV Supply 2 Actuator Setpoint % ;0;;06.12.2022;14:25:29
AI-2104;AnalogInput;2104;ZoneModule 12 VAV Supply 2 Actual Flow ;0;;06.12.2022;14:25:29
AI-2105;AnalogInput;2105;ZoneModule 12 VAV Extract Actuator Setpoint % ;100;;06.12.2022;14:25:29
AI-2106;AnalogInput;2106;ZoneModule 12 VAV Extract Actual Flow ;176;;06.12.2022;14:25:29
AI-2107;AnalogInput;2107;ZoneModule 12 Heating Valve Setpoint % ;0;;06.12.2022;14:25:29
AI-2108;AnalogInput;2108;ZoneModule 12 Cooling Valve Setpoint % ;0;;06.12.2022;14:25:29
AI-2109;AnalogInput;2109;ZoneModule 12 Room Temperature Actual Value ;0;;06.12.2022;14:25:29
AI-2110;AnalogInput;2110;ZoneModule 12 Supply Temperature Actual Value ;0;;06.12.2022;14:25:29
AI-2111;AnalogInput;2111;ZoneModule 12 Remote Setpoint Offset Actual Value ;0;;06.12.2022;14:25:29
AI-2112;AnalogInput;2112;ZoneModule 12 CO2/VOC  Actual Value ;492;;06.12.2022;14:25:29
AI-2113;AnalogInput;2113;ZoneModule 12 RH Actual Value ;5;;06.12.2022;14:25:29
AI-2114;AnalogInput;2114;ZoneModule 12 Room Temperature Actual Setpoint ;21;;06.12.2022;14:25:29
AI-2115;AnalogInput;2115;ZoneModule 12 Room Panel Air Mode ;0;;06.12.2022;14:25:29
AI-2116;AnalogInput;2116;ZoneModule 12 Heating Valve Actual Flow ;0;;06.12.2022;14:25:29
AI-2117;AnalogInput;2117;ZoneModule 12 Cooling Valve Actual Flow ;0;;06.12.2022;14:25:29
AI-2118;AnalogInput;2118;ZoneModule 12 VAV Supply 1 Actual Damper pos. % ;100;;06.12.2022;14:25:29
AI-2119;AnalogInput;2119;ZoneModule 12 VAV Supply 2 Actual Damper pos. % ;0;;06.12.2022;14:25:29
AI-2120;AnalogInput;2120;ZoneModule 12 VAV Extract Actual Damper pos. % ;88,55;;06.12.2022;14:25:29
AI-2200;AnalogInput;2200;ZoneModule 13 Status ;1;;06.12.2022;14:25:29
AI-2201;AnalogInput;2201;ZoneModule 13 VAV Supply 1 Actuator Setpoint % ;100;;06.12.2022;14:25:29
AI-2202;AnalogInput;2202;ZoneModule 13 VAV Supply 1 Actual Flow ;138;;06.12.2022;14:25:29
AI-2203;AnalogInput;2203;ZoneModule 13 VAV Supply 2 Actuator Setpoint % ;0;;06.12.2022;14:25:29
AI-2204;AnalogInput;2204;ZoneModule 13 VAV Supply 2 Actual Flow ;0;;06.12.2022;14:25:29
AI-2205;AnalogInput;2205;ZoneModule 13 VAV Extract Actuator Setpoint % ;100;;06.12.2022;14:25:29
AI-2206;AnalogInput;2206;ZoneModule 13 VAV Extract Actual Flow ;176;;06.12.2022;14:25:29
AI-2207;AnalogInput;2207;ZoneModule 13 Heating Valve Setpoint % ;0;;06.12.2022;14:25:29
AI-2208;AnalogInput;2208;ZoneModule 13 Cooling Valve Setpoint % ;19,81;;06.12.2022;14:25:29
AI-2209;AnalogInput;2209;ZoneModule 13 Room Temperature Actual Value ;20,9;;06.12.2022;14:25:29
AI-2210;AnalogInput;2210;ZoneModule 13 Supply Temperature Actual Value ;0;;06.12.2022;14:25:29
AI-2211;AnalogInput;2211;ZoneModule 13 Remote Setpoint Offset Actual Value ;-0,01;;06.12.2022;14:25:29
AI-2212;AnalogInput;2212;ZoneModule 13 CO2/VOC  Actual Value ;504;;06.12.2022;14:25:29
AI-2213;AnalogInput;2213;ZoneModule 13 RH Actual Value ;5;;06.12.2022;14:25:29
AI-2214;AnalogInput;2214;ZoneModule 13 Room Temperature Actual Setpoint ;20,99;;06.12.2022;14:25:29
AI-2215;AnalogInput;2215;ZoneModule 13 Room Panel Air Mode ;0;;06.12.2022;14:25:29
AI-2216;AnalogInput;2216;ZoneModule 13 Heating Valve Actual Flow ;0;;06.12.2022;14:25:29
AI-2217;AnalogInput;2217;ZoneModule 13 Cooling Valve Actual Flow ;0;;06.12.2022;14:25:29
AI-2218;AnalogInput;2218;ZoneModule 13 VAV Supply 1 Actual Damper pos. % ;100;;06.12.2022;14:25:29
AI-2219;AnalogInput;2219;ZoneModule 13 VAV Supply 2 Actual Damper pos. % ;0;;06.12.2022;14:25:29
AI-2220;AnalogInput;2220;ZoneModule 13 VAV Extract Actual Damper pos. % ;84,67;;06.12.2022;14:25:29
AI-2300;AnalogInput;2300;ZoneModule 14 Status ;1;;06.12.2022;14:25:29
AI-2301;AnalogInput;2301;ZoneModule 14 VAV Supply 1 Actuator Setpoint % ;0;;06.12.2022;14:25:29
AI-2302;AnalogInput;2302;ZoneModule 14 VAV Supply 1 Actual Flow ;0;;06.12.2022;14:25:29
AI-2303;AnalogInput;2303;ZoneModule 14 VAV Supply 2 Actuator Setpoint % ;0;;06.12.2022;14:25:29
AI-2304;AnalogInput;2304;ZoneModule 14 VAV Supply 2 Actual Flow ;0;;06.12.2022;14:25:29
AI-2305;AnalogInput;2305;ZoneModule 14 VAV Extract Actuator Setpoint % ;0;;06.12.2022;14:25:29
AI-2306;AnalogInput;2306;ZoneModule 14 VAV Extract Actual Flow ;0;;06.12.2022;14:25:29
AI-2307;AnalogInput;2307;ZoneModule 14 Heating Valve Setpoint % ;0;;06.12.2022;14:25:29
AI-2308;AnalogInput;2308;ZoneModule 14 Cooling Valve Setpoint % ;0;;06.12.2022;14:25:29
AI-2309;AnalogInput;2309;ZoneModule 14 Room Temperature Actual Value ;0;;06.12.2022;14:25:29
AI-2310;AnalogInput;2310;ZoneModule 14 Supply Temperature Actual Value ;0;;06.12.2022;14:25:29
AI-2311;AnalogInput;2311;ZoneModule 14 Remote Setpoint Offset Actual Value ;0;;06.12.2022;14:25:29
AI-2312;AnalogInput;2312;ZoneModule 14 CO2/VOC  Actual Value ;0;;06.12.2022;14:25:29
AI-2313;AnalogInput;2313;ZoneModule 14 RH Actual Value ;0;;06.12.2022;14:25:29
AI-2314;AnalogInput;2314;ZoneModule 14 Room Temperature Actual Setpoint ;0;;06.12.2022;14:25:29
AI-2315;AnalogInput;2315;ZoneModule 14 Room Panel Air Mode ;0;;06.12.2022;14:25:29
AI-2316;AnalogInput;2316;ZoneModule 14 Heating Valve Actual Flow ;0;;06.12.2022;14:25:29
AI-2317;AnalogInput;2317;ZoneModule 14 Cooling Valve Actual Flow ;0;;06.12.2022;14:25:29
AI-2318;AnalogInput;2318;ZoneModule 14 VAV Supply 1 Actual Damper pos. % ;0;;06.12.2022;14:25:29
AI-2319;AnalogInput;2319;ZoneModule 14 VAV Supply 2 Actual Damper pos. % ;0;;06.12.2022;14:25:29
AI-2320;AnalogInput;2320;ZoneModule 14 VAV Extract Actual Damper pos. % ;0;;06.12.2022;14:25:29
AI-2400;AnalogInput;2400;ZoneModule 15 Status ;1;;06.12.2022;14:25:29
AI-2401;AnalogInput;2401;ZoneModule 15 VAV Supply 1 Actuator Setpoint % ;100;;06.12.2022;14:25:29
AI-2402;AnalogInput;2402;ZoneModule 15 VAV Supply 1 Actual Flow ;110;;06.12.2022;14:25:29
AI-2403;AnalogInput;2403;ZoneModule 15 VAV Supply 2 Actuator Setpoint % ;0;;06.12.2022;14:25:29
AI-2404;AnalogInput;2404;ZoneModule 15 VAV Supply 2 Actual Flow ;0;;06.12.2022;14:25:29
AI-2405;AnalogInput;2405;ZoneModule 15 VAV Extract Actuator Setpoint % ;100;;06.12.2022;14:25:29
AI-2406;AnalogInput;2406;ZoneModule 15 VAV Extract Actual Flow ;175;;06.12.2022;14:25:29
AI-2407;AnalogInput;2407;ZoneModule 15 Heating Valve Setpoint % ;0;;06.12.2022;14:25:29
AI-2408;AnalogInput;2408;ZoneModule 15 Cooling Valve Setpoint % ;0;;06.12.2022;14:25:29
AI-2409;AnalogInput;2409;ZoneModule 15 Room Temperature Actual Value ;20,83;;06.12.2022;14:25:29
AI-2410;AnalogInput;2410;ZoneModule 15 Supply Temperature Actual Value ;0;;06.12.2022;14:25:29
AI-2411;AnalogInput;2411;ZoneModule 15 Remote Setpoint Offset Actual Value ;-0,02;;06.12.2022;14:25:29
AI-2412;AnalogInput;2412;ZoneModule 15 CO2/VOC  Actual Value ;506;;06.12.2022;14:25:29
AI-2413;AnalogInput;2413;ZoneModule 15 RH Actual Value ;5;;06.12.2022;14:25:29
AI-2414;AnalogInput;2414;ZoneModule 15 Room Temperature Actual Setpoint ;20,97;;06.12.2022;14:25:29
AI-2415;AnalogInput;2415;ZoneModule 15 Room Panel Air Mode ;0;;06.12.2022;14:25:29
AI-2416;AnalogInput;2416;ZoneModule 15 Heating Valve Actual Flow ;0;;06.12.2022;14:25:29
AI-2417;AnalogInput;2417;ZoneModule 15 Cooling Valve Actual Flow ;0;;06.12.2022;14:25:29
AI-2418;AnalogInput;2418;ZoneModule 15 VAV Supply 1 Actual Damper pos. % ;100;;06.12.2022;14:25:29
AI-2419;AnalogInput;2419;ZoneModule 15 VAV Supply 2 Actual Damper pos. % ;0;;06.12.2022;14:25:29
AI-2420;AnalogInput;2420;ZoneModule 15 VAV Extract Actual Damper pos. % ;81,46;;06.12.2022;14:25:29
AI-2500;AnalogInput;2500;ZoneModule 16 Status ;1;;06.12.2022;14:25:29
AI-2501;AnalogInput;2501;ZoneModule 16 VAV Supply 1 Actuator Setpoint % ;2,4;;06.12.2022;14:25:29
AI-2502;AnalogInput;2502;ZoneModule 16 VAV Supply 1 Actual Flow ;0;;06.12.2022;14:25:29
AI-2503;AnalogInput;2503;ZoneModule 16 VAV Supply 2 Actuator Setpoint % ;0;;06.12.2022;14:25:29
AI-2504;AnalogInput;2504;ZoneModule 16 VAV Supply 2 Actual Flow ;0;;06.12.2022;14:25:29
AI-2505;AnalogInput;2505;ZoneModule 16 VAV Extract Actuator Setpoint % ;0;;06.12.2022;14:25:29
AI-2506;AnalogInput;2506;ZoneModule 16 VAV Extract Actual Flow ;0;;06.12.2022;14:25:29
AI-2507;AnalogInput;2507;ZoneModule 16 Heating Valve Setpoint % ;16,95;;06.12.2022;14:25:29
AI-2508;AnalogInput;2508;ZoneModule 16 Cooling Valve Setpoint % ;0;;06.12.2022;14:25:29
AI-2509;AnalogInput;2509;ZoneModule 16 Room Temperature Actual Value ;21,09;;06.12.2022;14:25:29
AI-2510;AnalogInput;2510;ZoneModule 16 Supply Temperature Actual Value ;0;;06.12.2022;14:25:29
AI-2511;AnalogInput;2511;ZoneModule 16 Remote Setpoint Offset Actual Value ;-0,05;;06.12.2022;14:25:29
AI-2512;AnalogInput;2512;ZoneModule 16 CO2/VOC  Actual Value ;466;;06.12.2022;14:25:29
AI-2513;AnalogInput;2513;ZoneModule 16 RH Actual Value ;5;;06.12.2022;14:25:29
AI-2514;AnalogInput;2514;ZoneModule 16 Room Temperature Actual Setpoint ;20,95;;06.12.2022;14:25:29
AI-2515;AnalogInput;2515;ZoneModule 16 Room Panel Air Mode ;0;;06.12.2022;14:25:29
AI-2516;AnalogInput;2516;ZoneModule 16 Heating Valve Actual Flow ;37;;06.12.2022;14:25:29
AI-2517;AnalogInput;2517;ZoneModule 16 Cooling Valve Actual Flow ;0;;06.12.2022;14:25:29
AI-2518;AnalogInput;2518;ZoneModule 16 VAV Supply 1 Actual Damper pos. % ;100;;06.12.2022;14:25:29
AI-2519;AnalogInput;2519;ZoneModule 16 VAV Supply 2 Actual Damper pos. % ;0;;06.12.2022;14:25:29
AI-2520;AnalogInput;2520;ZoneModule 16 VAV Extract Actual Damper pos. % ;0;;06.12.2022;14:25:29
AI-2600;AnalogInput;2600;ZoneModule 17 Status ;1;;06.12.2022;14:25:29
AI-2601;AnalogInput;2601;ZoneModule 17 VAV Supply 1 Actuator Setpoint % ;100;;06.12.2022;14:25:29
AI-2602;AnalogInput;2602;ZoneModule 17 VAV Supply 1 Actual Flow ;125;;06.12.2022;14:25:29
AI-2603;AnalogInput;2603;ZoneModule 17 VAV Supply 2 Actuator Setpoint % ;0;;06.12.2022;14:25:29
AI-2604;AnalogInput;2604;ZoneModule 17 VAV Supply 2 Actual Flow ;0;;06.12.2022;14:25:29
AI-2605;AnalogInput;2605;ZoneModule 17 VAV Extract Actuator Setpoint % ;100;;06.12.2022;14:25:29
AI-2606;AnalogInput;2606;ZoneModule 17 VAV Extract Actual Flow ;176;;06.12.2022;14:25:29
AI-2607;AnalogInput;2607;ZoneModule 17 Heating Valve Setpoint % ;0;;06.12.2022;14:25:29
AI-2608;AnalogInput;2608;ZoneModule 17 Cooling Valve Setpoint % ;85,38;;06.12.2022;14:25:29
AI-2609;AnalogInput;2609;ZoneModule 17 Room Temperature Actual Value ;20,8;;06.12.2022;14:25:29
AI-2610;AnalogInput;2610;ZoneModule 17 Supply Temperature Actual Value ;0;;06.12.2022;14:25:29
AI-2611;AnalogInput;2611;ZoneModule 17 Remote Setpoint Offset Actual Value ;-0,05;;06.12.2022;14:25:29
AI-2612;AnalogInput;2612;ZoneModule 17 CO2/VOC  Actual Value ;530;;06.12.2022;14:25:29
AI-2613;AnalogInput;2613;ZoneModule 17 RH Actual Value ;5;;06.12.2022;14:25:29
AI-2614;AnalogInput;2614;ZoneModule 17 Room Temperature Actual Setpoint ;20,95;;06.12.2022;14:25:29
AI-2615;AnalogInput;2615;ZoneModule 17 Room Panel Air Mode ;0;;06.12.2022;14:25:29
AI-2616;AnalogInput;2616;ZoneModule 17 Heating Valve Actual Flow ;0;;06.12.2022;14:25:29
AI-2617;AnalogInput;2617;ZoneModule 17 Cooling Valve Actual Flow ;0;;06.12.2022;14:25:29
AI-2618;AnalogInput;2618;ZoneModule 17 VAV Supply 1 Actual Damper pos. % ;100;;06.12.2022;14:25:29
AI-2619;AnalogInput;2619;ZoneModule 17 VAV Supply 2 Actual Damper pos. % ;0;;06.12.2022;14:25:29
AI-2620;AnalogInput;2620;ZoneModule 17 VAV Extract Actual Damper pos. % ;81,79;;06.12.2022;14:25:29
AI-2700;AnalogInput;2700;ZoneModule 18 Status ;1;;06.12.2022;14:25:29
AI-2701;AnalogInput;2701;ZoneModule 18 VAV Supply 1 Actuator Setpoint % ;100;;06.12.2022;14:25:29
AI-2702;AnalogInput;2702;ZoneModule 18 VAV Supply 1 Actual Flow ;144;;06.12.2022;14:25:29
AI-2703;AnalogInput;2703;ZoneModule 18 VAV Supply 2 Actuator Setpoint % ;0;;06.12.2022;14:25:29
AI-2704;AnalogInput;2704;ZoneModule 18 VAV Supply 2 Actual Flow ;0;;06.12.2022;14:25:29
AI-2705;AnalogInput;2705;ZoneModule 18 VAV Extract Actuator Setpoint % ;100;;06.12.2022;14:25:29
AI-2706;AnalogInput;2706;ZoneModule 18 VAV Extract Actual Flow ;176;;06.12.2022;14:25:29
AI-2707;AnalogInput;2707;ZoneModule 18 Heating Valve Setpoint % ;14,92;;06.12.2022;14:25:29
AI-2708;AnalogInput;2708;ZoneModule 18 Cooling Valve Setpoint % ;0;;06.12.2022;14:25:29
AI-2709;AnalogInput;2709;ZoneModule 18 Room Temperature Actual Value ;20,17;;06.12.2022;14:25:29
AI-2710;AnalogInput;2710;ZoneModule 18 Supply Temperature Actual Value ;0;;06.12.2022;14:25:29
AI-2711;AnalogInput;2711;ZoneModule 18 Remote Setpoint Offset Actual Value ;-0,04;;06.12.2022;14:25:29
AI-2712;AnalogInput;2712;ZoneModule 18 CO2/VOC  Actual Value ;471;;06.12.2022;14:25:29
AI-2713;AnalogInput;2713;ZoneModule 18 RH Actual Value ;5;;06.12.2022;14:25:29
AI-2714;AnalogInput;2714;ZoneModule 18 Room Temperature Actual Setpoint ;20,96;;06.12.2022;14:25:29
AI-2715;AnalogInput;2715;ZoneModule 18 Room Panel Air Mode ;0;;06.12.2022;14:25:29
AI-2716;AnalogInput;2716;ZoneModule 18 Heating Valve Actual Flow ;20;;06.12.2022;14:25:29
AI-2717;AnalogInput;2717;ZoneModule 18 Cooling Valve Actual Flow ;0;;06.12.2022;14:25:29
AI-2718;AnalogInput;2718;ZoneModule 18 VAV Supply 1 Actual Damper pos. % ;100;;06.12.2022;14:25:29
AI-2719;AnalogInput;2719;ZoneModule 18 VAV Supply 2 Actual Damper pos. % ;0;;06.12.2022;14:25:29
AI-2720;AnalogInput;2720;ZoneModule 18 VAV Extract Actual Damper pos. % ;88,28;;06.12.2022;14:25:29
AI-2800;AnalogInput;2800;ZoneModule 19 Status ;1;;06.12.2022;14:25:29
AI-2801;AnalogInput;2801;ZoneModule 19 VAV Supply 1 Actuator Setpoint % ;100;;06.12.2022;14:25:29
AI-2802;AnalogInput;2802;ZoneModule 19 VAV Supply 1 Actual Flow ;144;;06.12.2022;14:25:29
AI-2803;AnalogInput;2803;ZoneModule 19 VAV Supply 2 Actuator Setpoint % ;0;;06.12.2022;14:25:29
AI-2804;AnalogInput;2804;ZoneModule 19 VAV Supply 2 Actual Flow ;0;;06.12.2022;14:25:29
AI-2805;AnalogInput;2805;ZoneModule 19 VAV Extract Actuator Setpoint % ;100;;06.12.2022;14:25:29
AI-2806;AnalogInput;2806;ZoneModule 19 VAV Extract Actual Flow ;170;;06.12.2022;14:25:29
AI-2807;AnalogInput;2807;ZoneModule 19 Heating Valve Setpoint % ;25,17;;06.12.2022;14:25:29
AI-2808;AnalogInput;2808;ZoneModule 19 Cooling Valve Setpoint % ;0;;06.12.2022;14:25:29
AI-2809;AnalogInput;2809;ZoneModule 19 Room Temperature Actual Value ;19,71;;06.12.2022;14:25:29
AI-2810;AnalogInput;2810;ZoneModule 19 Supply Temperature Actual Value ;0;;06.12.2022;14:25:29
AI-2811;AnalogInput;2811;ZoneModule 19 Remote Setpoint Offset Actual Value ;-0,04;;06.12.2022;14:25:29
AI-2812;AnalogInput;2812;ZoneModule 19 CO2/VOC  Actual Value ;500;;06.12.2022;14:25:29
AI-2813;AnalogInput;2813;ZoneModule 19 RH Actual Value ;5;;06.12.2022;14:25:29
AI-2814;AnalogInput;2814;ZoneModule 19 Room Temperature Actual Setpoint ;20,96;;06.12.2022;14:25:29
AI-2815;AnalogInput;2815;ZoneModule 19 Room Panel Air Mode ;0;;06.12.2022;14:25:29
AI-2816;AnalogInput;2816;ZoneModule 19 Heating Valve Actual Flow ;47;;06.12.2022;14:25:29
AI-2817;AnalogInput;2817;ZoneModule 19 Cooling Valve Actual Flow ;0;;06.12.2022;14:25:29
AI-2818;AnalogInput;2818;ZoneModule 19 VAV Supply 1 Actual Damper pos. % ;100;;06.12.2022;14:25:29
AI-2819;AnalogInput;2819;ZoneModule 19 VAV Supply 2 Actual Damper pos. % ;0;;06.12.2022;14:25:29
AI-2820;AnalogInput;2820;ZoneModule 19 VAV Extract Actual Damper pos. % ;100;;06.12.2022;14:25:29
AI-2900;AnalogInput;2900;ZoneModule 20 Status ;1;;06.12.2022;14:25:29
AI-2901;AnalogInput;2901;ZoneModule 20 VAV Supply 1 Actuator Setpoint % ;100;;06.12.2022;14:25:29
AI-2902;AnalogInput;2902;ZoneModule 20 VAV Supply 1 Actual Flow ;123;;06.12.2022;14:25:29
AI-2903;AnalogInput;2903;ZoneModule 20 VAV Supply 2 Actuator Setpoint % ;0;;06.12.2022;14:25:29
AI-2904;AnalogInput;2904;ZoneModule 20 VAV Supply 2 Actual Flow ;0;;06.12.2022;14:25:29
AI-2905;AnalogInput;2905;ZoneModule 20 VAV Extract Actuator Setpoint % ;0;;06.12.2022;14:25:29
AI-2906;AnalogInput;2906;ZoneModule 20 VAV Extract Actual Flow ;0;;06.12.2022;14:25:29
AI-2907;AnalogInput;2907;ZoneModule 20 Heating Valve Setpoint % ;52,04;;06.12.2022;14:25:29
AI-2908;AnalogInput;2908;ZoneModule 20 Cooling Valve Setpoint % ;0;;06.12.2022;14:25:29
AI-2909;AnalogInput;2909;ZoneModule 20 Room Temperature Actual Value ;18,41;;06.12.2022;14:25:29
AI-2910;AnalogInput;2910;ZoneModule 20 Supply Temperature Actual Value ;0;;06.12.2022;14:25:29
AI-2911;AnalogInput;2911;ZoneModule 20 Remote Setpoint Offset Actual Value ;-0,02;;06.12.2022;14:25:29
AI-2912;AnalogInput;2912;ZoneModule 20 CO2/VOC  Actual Value ;438;;06.12.2022;14:25:29
AI-2913;AnalogInput;2913;ZoneModule 20 RH Actual Value ;5;;06.12.2022;14:25:29
AI-2914;AnalogInput;2914;ZoneModule 20 Room Temperature Actual Setpoint ;20,98;;06.12.2022;14:25:29
AI-2915;AnalogInput;2915;ZoneModule 20 Room Panel Air Mode ;0;;06.12.2022;14:25:29
AI-2916;AnalogInput;2916;ZoneModule 20 Heating Valve Actual Flow ;103;;06.12.2022;14:25:29
AI-2917;AnalogInput;2917;ZoneModule 20 Cooling Valve Actual Flow ;0;;06.12.2022;14:25:29
AI-2918;AnalogInput;2918;ZoneModule 20 VAV Supply 1 Actual Damper pos. % ;100;;06.12.2022;14:25:29
AI-2919;AnalogInput;2919;ZoneModule 20 VAV Supply 2 Actual Damper pos. % ;0;;06.12.2022;14:25:29
AI-2920;AnalogInput;2920;ZoneModule 20 VAV Extract Actual Damper pos. % ;0;;06.12.2022;14:25:29
AI-3000;AnalogInput;3000;ZoneModule 21 Status ;1;;06.12.2022;14:25:29
AI-3001;AnalogInput;3001;ZoneModule 21 VAV Supply 1 Actuator Setpoint % ;100;;06.12.2022;14:25:29
AI-3002;AnalogInput;3002;ZoneModule 21 VAV Supply 1 Actual Flow ;130;;06.12.2022;14:25:29
AI-3003;AnalogInput;3003;ZoneModule 21 VAV Supply 2 Actuator Setpoint % ;0;;06.12.2022;14:25:29
AI-3004;AnalogInput;3004;ZoneModule 21 VAV Supply 2 Actual Flow ;0;;06.12.2022;14:25:29
AI-3005;AnalogInput;3005;ZoneModule 21 VAV Extract Actuator Setpoint % ;0;;06.12.2022;14:25:29
AI-3006;AnalogInput;3006;ZoneModule 21 VAV Extract Actual Flow ;0;;06.12.2022;14:25:29
AI-3007;AnalogInput;3007;ZoneModule 21 Heating Valve Setpoint % ;0;;06.12.2022;14:25:29
AI-3008;AnalogInput;3008;ZoneModule 21 Cooling Valve Setpoint % ;94,72;;06.12.2022;14:25:29
AI-3009;AnalogInput;3009;ZoneModule 21 Room Temperature Actual Value ;20,48;;06.12.2022;14:25:29
AI-3010;AnalogInput;3010;ZoneModule 21 Supply Temperature Actual Value ;0;;06.12.2022;14:25:29
AI-3011;AnalogInput;3011;ZoneModule 21 Remote Setpoint Offset Actual Value ;-0,03;;06.12.2022;14:25:29
AI-3012;AnalogInput;3012;ZoneModule 21 CO2/VOC  Actual Value ;453;;06.12.2022;14:25:29
AI-3013;AnalogInput;3013;ZoneModule 21 RH Actual Value ;5;;06.12.2022;14:25:29
AI-3014;AnalogInput;3014;ZoneModule 21 Room Temperature Actual Setpoint ;20,97;;06.12.2022;14:25:29
AI-3015;AnalogInput;3015;ZoneModule 21 Room Panel Air Mode ;0;;06.12.2022;14:25:29
AI-3016;AnalogInput;3016;ZoneModule 21 Heating Valve Actual Flow ;0;;06.12.2022;14:25:29
AI-3017;AnalogInput;3017;ZoneModule 21 Cooling Valve Actual Flow ;0;;06.12.2022;14:25:29
AI-3018;AnalogInput;3018;ZoneModule 21 VAV Supply 1 Actual Damper pos. % ;100;;06.12.2022;14:25:29
AI-3019;AnalogInput;3019;ZoneModule 21 VAV Supply 2 Actual Damper pos. % ;0;;06.12.2022;14:25:29
AI-3020;AnalogInput;3020;ZoneModule 21 VAV Extract Actual Damper pos. % ;0;;06.12.2022;14:25:29
AI-3100;AnalogInput;3100;ZoneModule 22 Status ;1;;06.12.2022;14:25:29
AI-3101;AnalogInput;3101;ZoneModule 22 VAV Supply 1 Actuator Setpoint % ;100;;06.12.2022;14:25:29
AI-3102;AnalogInput;3102;ZoneModule 22 VAV Supply 1 Actual Flow ;143;;06.12.2022;14:25:29
AI-3103;AnalogInput;3103;ZoneModule 22 VAV Supply 2 Actuator Setpoint % ;0;;06.12.2022;14:25:29
AI-3104;AnalogInput;3104;ZoneModule 22 VAV Supply 2 Actual Flow ;0;;06.12.2022;14:25:29
AI-3105;AnalogInput;3105;ZoneModule 22 VAV Extract Actuator Setpoint % ;100;;06.12.2022;14:25:29
AI-3106;AnalogInput;3106;ZoneModule 22 VAV Extract Actual Flow ;178;;06.12.2022;14:25:29
AI-3107;AnalogInput;3107;ZoneModule 22 Heating Valve Setpoint % ;0;;06.12.2022;14:25:29
AI-3108;AnalogInput;3108;ZoneModule 22 Cooling Valve Setpoint % ;88,84;;06.12.2022;14:25:29
AI-3109;AnalogInput;3109;ZoneModule 22 Room Temperature Actual Value ;20,41;;06.12.2022;14:25:29
AI-3110;AnalogInput;3110;ZoneModule 22 Supply Temperature Actual Value ;0;;06.12.2022;14:25:29
AI-3111;AnalogInput;3111;ZoneModule 22 Remote Setpoint Offset Actual Value ;-0,07;;06.12.2022;14:25:29
AI-3112;AnalogInput;3112;ZoneModule 22 CO2/VOC  Actual Value ;468;;06.12.2022;14:25:29
AI-3113;AnalogInput;3113;ZoneModule 22 RH Actual Value ;5;;06.12.2022;14:25:29
AI-3114;AnalogInput;3114;ZoneModule 22 Room Temperature Actual Setpoint ;20,93;;06.12.2022;14:25:29
AI-3115;AnalogInput;3115;ZoneModule 22 Room Panel Air Mode ;0;;06.12.2022;14:25:29
AI-3116;AnalogInput;3116;ZoneModule 22 Heating Valve Actual Flow ;0;;06.12.2022;14:25:29
AI-3117;AnalogInput;3117;ZoneModule 22 Cooling Valve Actual Flow ;0;;06.12.2022;14:25:29
AI-3118;AnalogInput;3118;ZoneModule 22 VAV Supply 1 Actual Damper pos. % ;100;;06.12.2022;14:25:29
AI-3119;AnalogInput;3119;ZoneModule 22 VAV Supply 2 Actual Damper pos. % ;0;;06.12.2022;14:25:29
AI-3120;AnalogInput;3120;ZoneModule 22 VAV Extract Actual Damper pos. % ;86,54;;06.12.2022;14:25:29
AI-3200;AnalogInput;3200;ZoneModule 23 Status ;0;;06.12.2022;14:25:29
AI-3201;AnalogInput;3201;ZoneModule 23 VAV Supply 1 Actuator Setpoint % ;0;;06.12.2022;14:25:29
AI-3202;AnalogInput;3202;ZoneModule 23 VAV Supply 1 Actual Flow ;0;;06.12.2022;14:25:29
AI-3203;AnalogInput;3203;ZoneModule 23 VAV Supply 2 Actuator Setpoint % ;0;;06.12.2022;14:25:29
AI-3204;AnalogInput;3204;ZoneModule 23 VAV Supply 2 Actual Flow ;0;;06.12.2022;14:25:29
AI-3205;AnalogInput;3205;ZoneModule 23 VAV Extract Actuator Setpoint % ;0;;06.12.2022;14:25:29
AI-3206;AnalogInput;3206;ZoneModule 23 VAV Extract Actual Flow ;0;;06.12.2022;14:25:29
AI-3207;AnalogInput;3207;ZoneModule 23 Heating Valve Setpoint % ;0;;06.12.2022;14:25:29
AI-3208;AnalogInput;3208;ZoneModule 23 Cooling Valve Setpoint % ;0;;06.12.2022;14:25:29
AI-3209;AnalogInput;3209;ZoneModule 23 Room Temperature Actual Value ;0;;06.12.2022;14:25:29
AI-3210;AnalogInput;3210;ZoneModule 23 Supply Temperature Actual Value ;0;;06.12.2022;14:25:29
AI-3211;AnalogInput;3211;ZoneModule 23 Remote Setpoint Offset Actual Value ;0;;06.12.2022;14:25:29
AI-3212;AnalogInput;3212;ZoneModule 23 CO2/VOC  Actual Value ;0;;06.12.2022;14:25:29
AI-3213;AnalogInput;3213;ZoneModule 23 RH Actual Value ;0;;06.12.2022;14:25:29
AI-3214;AnalogInput;3214;ZoneModule 23 Room Temperature Actual Setpoint ;0;;06.12.2022;14:25:29
AI-3215;AnalogInput;3215;ZoneModule 23 Room Panel Air Mode ;0;;06.12.2022;14:25:29
AI-3216;AnalogInput;3216;ZoneModule 23 Heating Valve Actual Flow ;0;;06.12.2022;14:25:29
AI-3217;AnalogInput;3217;ZoneModule 23 Cooling Valve Actual Flow ;0;;06.12.2022;14:25:29
AI-3218;AnalogInput;3218;ZoneModule 23 VAV Supply 1 Actual Damper pos. % ;0;;06.12.2022;14:25:29
AI-3219;AnalogInput;3219;ZoneModule 23 VAV Supply 2 Actual Damper pos. % ;0;;06.12.2022;14:25:29
AI-3220;AnalogInput;3220;ZoneModule 23 VAV Extract Actual Damper pos. % ;0;;06.12.2022;14:25:29
AI-3300;AnalogInput;3300;ZoneModule 24 Status ;0;;06.12.2022;14:25:29
AI-3301;AnalogInput;3301;ZoneModule 24 VAV Supply 1 Actuator Setpoint % ;0;;06.12.2022;14:25:29
AI-3302;AnalogInput;3302;ZoneModule 24 VAV Supply 1 Actual Flow ;0;;06.12.2022;14:25:29
AI-3303;AnalogInput;3303;ZoneModule 24 VAV Supply 2 Actuator Setpoint % ;0;;06.12.2022;14:25:29
AI-3304;AnalogInput;3304;ZoneModule 24 VAV Supply 2 Actual Flow ;0;;06.12.2022;14:25:29
AI-3305;AnalogInput;3305;ZoneModule 24 VAV Extract Actuator Setpoint % ;0;;06.12.2022;14:25:29
AI-3306;AnalogInput;3306;ZoneModule 24 VAV Extract Actual Flow ;0;;06.12.2022;14:25:29
AI-3307;AnalogInput;3307;ZoneModule 24 Heating Valve Setpoint % ;0;;06.12.2022;14:25:29
AI-3308;AnalogInput;3308;ZoneModule 24 Cooling Valve Setpoint % ;0;;06.12.2022;14:25:29
AI-3309;AnalogInput;3309;ZoneModule 24 Room Temperature Actual Value ;0;;06.12.2022;14:25:29
AI-3310;AnalogInput;3310;ZoneModule 24 Supply Temperature Actual Value ;0;;06.12.2022;14:25:29
AI-3311;AnalogInput;3311;ZoneModule 24 Remote Setpoint Offset Actual Value ;0;;06.12.2022;14:25:29
AI-3312;AnalogInput;3312;ZoneModule 24 CO2/VOC  Actual Value ;0;;06.12.2022;14:25:29
AI-3313;AnalogInput;3313;ZoneModule 24 RH Actual Value ;0;;06.12.2022;14:25:29
AI-3314;AnalogInput;3314;ZoneModule 24 Room Temperature Actual Setpoint ;0;;06.12.2022;14:25:29
AI-3315;AnalogInput;3315;ZoneModule 24 Room Panel Air Mode ;0;;06.12.2022;14:25:29
AI-3316;AnalogInput;3316;ZoneModule 24 Heating Valve Actual Flow ;0;;06.12.2022;14:25:29
AI-3317;AnalogInput;3317;ZoneModule 24 Cooling Valve Actual Flow ;0;;06.12.2022;14:25:29
AI-3318;AnalogInput;3318;ZoneModule 24 VAV Supply 1 Actual Damper pos. % ;0;;06.12.2022;14:25:29
AI-3319;AnalogInput;3319;ZoneModule 24 VAV Supply 2 Actual Damper pos. % ;0;;06.12.2022;14:25:29
AI-3320;AnalogInput;3320;ZoneModule 24 VAV Extract Actual Damper pos. % ;0;;06.12.2022;14:25:29
AI-3400;AnalogInput;3400;ZoneModule 25 Status ;0;;06.12.2022;14:25:29
AI-3401;AnalogInput;3401;ZoneModule 25 VAV Supply 1 Actuator Setpoint % ;0;;06.12.2022;14:25:29
AI-3402;AnalogInput;3402;ZoneModule 25 VAV Supply 1 Actual Flow ;0;;06.12.2022;14:25:29
AI-3403;AnalogInput;3403;ZoneModule 25 VAV Supply 2 Actuator Setpoint % ;0;;06.12.2022;14:25:29
AI-3404;AnalogInput;3404;ZoneModule 25 VAV Supply 2 Actual Flow ;0;;06.12.2022;14:25:29
AI-3405;AnalogInput;3405;ZoneModule 25 VAV Extract Actuator Setpoint % ;0;;06.12.2022;14:25:29
AI-3406;AnalogInput;3406;ZoneModule 25 VAV Extract Actual Flow ;0;;06.12.2022;14:25:29
AI-3407;AnalogInput;3407;ZoneModule 25 Heating Valve Setpoint % ;0;;06.12.2022;14:25:29
AI-3408;AnalogInput;3408;ZoneModule 25 Cooling Valve Setpoint % ;0;;06.12.2022;14:25:29
AI-3409;AnalogInput;3409;ZoneModule 25 Room Temperature Actual Value ;0;;06.12.2022;14:25:29
AI-3410;AnalogInput;3410;ZoneModule 25 Supply Temperature Actual Value ;0;;06.12.2022;14:25:29
AI-3411;AnalogInput;3411;ZoneModule 25 Remote Setpoint Offset Actual Value ;0;;06.12.2022;14:25:29
AI-3412;AnalogInput;3412;ZoneModule 25 CO2/VOC  Actual Value ;0;;06.12.2022;14:25:29
AI-3413;AnalogInput;3413;ZoneModule 25 RH Actual Value ;0;;06.12.2022;14:25:29
AI-3414;AnalogInput;3414;ZoneModule 25 Room Temperature Actual Setpoint ;0;;06.12.2022;14:25:29
AI-3415;AnalogInput;3415;ZoneModule 25 Room Panel Air Mode ;0;;06.12.2022;14:25:29
AI-3416;AnalogInput;3416;ZoneModule 25 Heating Valve Actual Flow ;0;;06.12.2022;14:25:29
AI-3417;AnalogInput;3417;ZoneModule 25 Cooling Valve Actual Flow ;0;;06.12.2022;14:25:29
AI-3418;AnalogInput;3418;ZoneModule 25 VAV Supply 1 Actual Damper pos. % ;0;;06.12.2022;14:25:29
AI-3419;AnalogInput;3419;ZoneModule 25 VAV Supply 2 Actual Damper pos. % ;0;;06.12.2022;14:25:29
AI-3420;AnalogInput;3420;ZoneModule 25 VAV Extract Actual Damper pos. % ;0;;06.12.2022;14:25:29
AI-3500;AnalogInput;3500;Number Of Zonemasters ;1;;06.12.2022;14:25:29
AI-3501;AnalogInput;3501;ZoneMaster Chain ID ;0;;06.12.2022;14:25:29
AI-4000;AnalogInput;4000;ZoneMaster 1 ZoneMaster Local Alarm Status ;0;;06.12.2022;14:25:29
AI-4100;AnalogInput;4100;ZoneMaster 2 ZoneMaster Local Alarm Status ;0;;06.12.2022;14:25:29
AI-4200;AnalogInput;4200;ZoneMaster 3 ZoneMaster Local Alarm Status ;0;;06.12.2022;14:25:29
AI-4300;AnalogInput;4300;ZoneMaster 4 ZoneMaster Local Alarm Status ;0;;06.12.2022;14:25:29
AI-4400;AnalogInput;4400;ZoneMaster 5 ZoneMaster Local Alarm Status ;0;;06.12.2022;14:25:29
